110.23749999988394,-6.912500000019634,2147483647.0
110.24583333321726,-6.912500000019634,192.0
110.25416666655059,-6.912500000019634,183.0
110.26249999988391,-6.912500000019634,193.0
110.27083333321724,-6.912500000019634,197.0
110.27916666655057,-6.912500000019634,197.0
110.28749999988389,-6.912500000019634,600.0
110.29583333321722,-6.912500000019634,600.0
110.30416666655054,-6.912500000019634,600.0
110.31249999988387,-6.912500000019634,600.0
110.3208333332172,-6.912500000019634,600.0
110.32916666655052,-6.912500000019634,600.0
110.33749999988385,-6.912500000019634,600.0
110.34583333321717,-6.912500000019634,600.0
110.3541666665505,-6.912500000019634,600.0
110.36249999988382,-6.912500000019634,600.0
110.37083333321715,-6.912500000019634,600.0
110.37916666655047,-6.912500000019634,600.0
110.3874999998838,-6.912500000019634,600.0
110.39583333321713,-6.912500000019634,600.0
110.40416666655045,-6.912500000019634,600.0
110.41249999988378,-6.912500000019634,600.0
110.4208333332171,-6.912500000019634,600.0
110.42916666655043,-6.912500000019634,600.0
110.43749999988376,-6.912500000019634,600.0
110.44583333321708,-6.912500000019634,600.0
110.4541666665504,-6.912500000019634,600.0
110.46249999988373,-6.912500000019634,600.0
110.47083333321706,-6.912500000019634,180.0
110.47916666655038,-6.912500000019634,180.0
110.48749999988371,-6.912500000019634,180.0
110.49583333321704,-6.912500000019634,180.0
110.50416666655036,-6.912500000019634,180.0
110.51249999988369,-6.912500000019634,198.0
110.52083333321701,-6.912500000019634,208.0
110.52916666655034,-6.912500000019634,197.0
110.53749999988366,-6.912500000019634,195.0
110.54583333321699,-6.912500000019634,196.0
110.55416666655032,-6.912500000019634,191.0
110.56249999988364,-6.912500000019634,180.0
110.57083333321697,-6.912500000019634,190.0
110.5791666665503,-6.912500000019634,203.0
110.58749999988362,-6.912500000019634,203.0
110.59583333321694,-6.912500000019634,181.0
110.60416666655027,-6.912500000019634,180.0
110.6124999998836,-6.912500000019634,180.0
110.62083333321692,-6.912500000019634,210.0
110.62916666655025,-6.912500000019634,2147483647.0
110.23749999988394,-6.920833333352964,2147483647.0
110.24583333321726,-6.920833333352964,220.0
110.25416666655059,-6.920833333352964,194.0
110.26249999988391,-6.920833333352964,180.0
110.27083333321724,-6.920833333352964,180.0
110.27916666655057,-6.920833333352964,182.0
110.28749999988389,-6.920833333352964,187.0
110.29583333321722,-6.920833333352964,600.0
110.30416666655054,-6.920833333352964,600.0
110.31249999988387,-6.920833333352964,600.0
110.3208333332172,-6.920833333352964,600.0
110.32916666655052,-6.920833333352964,600.0
110.33749999988385,-6.920833333352964,600.0
110.34583333321717,-6.920833333352964,600.0
110.3541666665505,-6.920833333352964,600.0
110.36249999988382,-6.920833333352964,600.0
110.37083333321715,-6.920833333352964,600.0
110.37916666655047,-6.920833333352964,600.0
110.3874999998838,-6.920833333352964,600.0
110.39583333321713,-6.920833333352964,600.0
110.40416666655045,-6.920833333352964,600.0
110.41249999988378,-6.920833333352964,600.0
110.4208333332171,-6.920833333352964,600.0
110.42916666655043,-6.920833333352964,600.0
110.43749999988376,-6.920833333352964,600.0
110.44583333321708,-6.920833333352964,600.0
110.4541666665504,-6.920833333352964,600.0
110.46249999988373,-6.920833333352964,180.0
110.47083333321706,-6.920833333352964,180.0
110.47916666655038,-6.920833333352964,180.0
110.48749999988371,-6.920833333352964,180.0
110.49583333321704,-6.920833333352964,184.0
110.50416666655036,-6.920833333352964,201.0
110.51249999988369,-6.920833333352964,215.0
110.52083333321701,-6.920833333352964,215.0
110.52916666655034,-6.920833333352964,206.0
110.53749999988366,-6.920833333352964,198.0
110.54583333321699,-6.920833333352964,184.0
110.55416666655032,-6.920833333352964,192.0
110.56249999988364,-6.920833333352964,185.0
110.57083333321697,-6.920833333352964,198.0
110.5791666665503,-6.920833333352964,187.0
110.58749999988362,-6.920833333352964,193.0
110.59583333321694,-6.920833333352964,205.0
110.60416666655027,-6.920833333352964,197.0
110.6124999998836,-6.920833333352964,208.0
110.62083333321692,-6.920833333352964,217.0
110.62916666655025,-6.920833333352964,2147483647.0
110.23749999988394,-6.929166666686294,2147483647.0
110.24583333321726,-6.929166666686294,220.0
110.25416666655059,-6.929166666686294,222.0
110.26249999988391,-6.929166666686294,204.0
110.27083333321724,-6.929166666686294,186.0
110.27916666655057,-6.929166666686294,180.0
110.28749999988389,-6.929166666686294,195.0
110.29583333321722,-6.929166666686294,194.0
110.30416666655054,-6.929166666686294,209.0
110.31249999988387,-6.929166666686294,600.0
110.3208333332172,-6.929166666686294,600.0
110.32916666655052,-6.929166666686294,600.0
110.33749999988385,-6.929166666686294,600.0
110.34583333321717,-6.929166666686294,600.0
110.3541666665505,-6.929166666686294,600.0
110.36249999988382,-6.929166666686294,600.0
110.37083333321715,-6.929166666686294,600.0
110.37916666655047,-6.929166666686294,600.0
110.3874999998838,-6.929166666686294,600.0
110.39583333321713,-6.929166666686294,600.0
110.40416666655045,-6.929166666686294,600.0
110.41249999988378,-6.929166666686294,600.0
110.4208333332171,-6.929166666686294,600.0
110.42916666655043,-6.929166666686294,600.0
110.43749999988376,-6.929166666686294,600.0
110.44583333321708,-6.929166666686294,600.0
110.4541666665504,-6.929166666686294,193.0
110.46249999988373,-6.929166666686294,213.0
110.47083333321706,-6.929166666686294,189.0
110.47916666655038,-6.929166666686294,184.0
110.48749999988371,-6.929166666686294,213.0
110.49583333321704,-6.929166666686294,224.0
110.50416666655036,-6.929166666686294,226.0
110.51249999988369,-6.929166666686294,218.0
110.52083333321701,-6.929166666686294,205.0
110.52916666655034,-6.929166666686294,182.0
110.53749999988366,-6.929166666686294,180.0
110.54583333321699,-6.929166666686294,195.0
110.55416666655032,-6.929166666686294,193.0
110.56249999988364,-6.929166666686294,201.0
110.57083333321697,-6.929166666686294,180.0
110.5791666665503,-6.929166666686294,194.0
110.58749999988362,-6.929166666686294,190.0
110.59583333321694,-6.929166666686294,191.0
110.60416666655027,-6.929166666686294,203.0
110.6124999998836,-6.929166666686294,218.0
110.62083333321692,-6.929166666686294,220.0
110.62916666655025,-6.929166666686294,2147483647.0
110.23749999988394,-6.937500000019624,2147483647.0
110.24583333321726,-6.937500000019624,207.0
110.25416666655059,-6.937500000019624,216.0
110.26249999988391,-6.937500000019624,218.0
110.27083333321724,-6.937500000019624,213.0
110.27916666655057,-6.937500000019624,187.0
110.28749999988389,-6.937500000019624,180.0
110.29583333321722,-6.937500000019624,191.0
110.30416666655054,-6.937500000019624,183.0
110.31249999988387,-6.937500000019624,191.0
110.3208333332172,-6.937500000019624,200.0
110.32916666655052,-6.937500000019624,600.0
110.33749999988385,-6.937500000019624,600.0
110.34583333321717,-6.937500000019624,600.0
110.3541666665505,-6.937500000019624,600.0
110.36249999988382,-6.937500000019624,600.0
110.37083333321715,-6.937500000019624,600.0
110.37916666655047,-6.937500000019624,600.0
110.3874999998838,-6.937500000019624,600.0
110.39583333321713,-6.937500000019624,600.0
110.40416666655045,-6.937500000019624,600.0
110.41249999988378,-6.937500000019624,600.0
110.4208333332171,-6.937500000019624,600.0
110.42916666655043,-6.937500000019624,236.0
110.43749999988376,-6.937500000019624,220.0
110.44583333321708,-6.937500000019624,180.0
110.4541666665504,-6.937500000019624,222.0
110.46249999988373,-6.937500000019624,229.0
110.47083333321706,-6.937500000019624,227.0
110.47916666655038,-6.937500000019624,226.0
110.48749999988371,-6.937500000019624,238.0
110.49583333321704,-6.937500000019624,231.0
110.50416666655036,-6.937500000019624,222.0
110.51249999988369,-6.937500000019624,210.0
110.52083333321701,-6.937500000019624,180.0
110.52916666655034,-6.937500000019624,180.0
110.53749999988366,-6.937500000019624,193.0
110.54583333321699,-6.937500000019624,197.0
110.55416666655032,-6.937500000019624,210.0
110.56249999988364,-6.937500000019624,180.0
110.57083333321697,-6.937500000019624,197.0
110.5791666665503,-6.937500000019624,180.0
110.58749999988362,-6.937500000019624,183.0
110.59583333321694,-6.937500000019624,192.0
110.60416666655027,-6.937500000019624,213.0
110.6124999998836,-6.937500000019624,215.0
110.62083333321692,-6.937500000019624,205.0
110.62916666655025,-6.937500000019624,2147483647.0
110.23749999988394,-6.9458333333529545,2147483647.0
110.24583333321726,-6.9458333333529545,228.0
110.25416666655059,-6.9458333333529545,235.0
110.26249999988391,-6.9458333333529545,221.0
110.27083333321724,-6.9458333333529545,214.0
110.27916666655057,-6.9458333333529545,215.0
110.28749999988389,-6.9458333333529545,180.0
110.29583333321722,-6.9458333333529545,204.0
110.30416666655054,-6.9458333333529545,206.0
110.31249999988387,-6.9458333333529545,185.0
110.3208333332172,-6.9458333333529545,180.0
110.32916666655052,-6.9458333333529545,192.0
110.33749999988385,-6.9458333333529545,197.0
110.34583333321717,-6.9458333333529545,600.0
110.3541666665505,-6.9458333333529545,600.0
110.36249999988382,-6.9458333333529545,600.0
110.37083333321715,-6.9458333333529545,600.0
110.37916666655047,-6.9458333333529545,600.0
110.3874999998838,-6.9458333333529545,600.0
110.39583333321713,-6.9458333333529545,600.0
110.40416666655045,-6.9458333333529545,600.0
110.41249999988378,-6.9458333333529545,236.0
110.4208333332171,-6.9458333333529545,231.0
110.42916666655043,-6.9458333333529545,223.0
110.43749999988376,-6.9458333333529545,239.0
110.44583333321708,-6.9458333333529545,227.0
110.4541666665504,-6.9458333333529545,242.0
110.46249999988373,-6.9458333333529545,224.0
110.47083333321706,-6.9458333333529545,232.0
110.47916666655038,-6.9458333333529545,230.0
110.48749999988371,-6.9458333333529545,225.0
110.49583333321704,-6.9458333333529545,229.0
110.50416666655036,-6.9458333333529545,221.0
110.51249999988369,-6.9458333333529545,217.0
110.52083333321701,-6.9458333333529545,206.0
110.52916666655034,-6.9458333333529545,198.0
110.53749999988366,-6.9458333333529545,214.0
110.54583333321699,-6.9458333333529545,214.0
110.55416666655032,-6.9458333333529545,180.0
110.56249999988364,-6.9458333333529545,180.0
110.57083333321697,-6.9458333333529545,189.0
110.5791666665503,-6.9458333333529545,200.0
110.58749999988362,-6.9458333333529545,181.0
110.59583333321694,-6.9458333333529545,200.0
110.60416666655027,-6.9458333333529545,218.0
110.6124999998836,-6.9458333333529545,180.0
110.62083333321692,-6.9458333333529545,212.0
110.62916666655025,-6.9458333333529545,2147483647.0
110.23749999988394,-6.954166666686285,2147483647.0
110.24583333321726,-6.954166666686285,293.0
110.25416666655059,-6.954166666686285,296.0
110.26249999988391,-6.954166666686285,285.0
110.27083333321724,-6.954166666686285,251.0
110.27916666655057,-6.954166666686285,257.0
110.28749999988389,-6.954166666686285,255.0
110.29583333321722,-6.954166666686285,234.0
110.30416666655054,-6.954166666686285,223.0
110.31249999988387,-6.954166666686285,218.0
110.3208333332172,-6.954166666686285,192.0
110.32916666655052,-6.954166666686285,180.0
110.33749999988385,-6.954166666686285,189.0
110.34583333321717,-6.954166666686285,180.0
110.3541666665505,-6.954166666686285,191.0
110.36249999988382,-6.954166666686285,205.0
110.37083333321715,-6.954166666686285,215.0
110.37916666655047,-6.954166666686285,236.0
110.3874999998838,-6.954166666686285,230.0
110.39583333321713,-6.954166666686285,221.0
110.40416666655045,-6.954166666686285,220.0
110.41249999988378,-6.954166666686285,224.0
110.4208333332171,-6.954166666686285,216.0
110.42916666655043,-6.954166666686285,198.0
110.43749999988376,-6.954166666686285,231.0
110.44583333321708,-6.954166666686285,239.0
110.4541666665504,-6.954166666686285,224.0
110.46249999988373,-6.954166666686285,198.0
110.47083333321706,-6.954166666686285,220.0
110.47916666655038,-6.954166666686285,214.0
110.48749999988371,-6.954166666686285,220.0
110.49583333321704,-6.954166666686285,225.0
110.50416666655036,-6.954166666686285,228.0
110.51249999988369,-6.954166666686285,228.0
110.52083333321701,-6.954166666686285,219.0
110.52916666655034,-6.954166666686285,219.0
110.53749999988366,-6.954166666686285,216.0
110.54583333321699,-6.954166666686285,212.0
110.55416666655032,-6.954166666686285,190.0
110.56249999988364,-6.954166666686285,198.0
110.57083333321697,-6.954166666686285,211.0
110.5791666665503,-6.954166666686285,181.0
110.58749999988362,-6.954166666686285,193.0
110.59583333321694,-6.954166666686285,201.0
110.60416666655027,-6.954166666686285,211.0
110.6124999998836,-6.954166666686285,189.0
110.62083333321692,-6.954166666686285,180.0
110.62916666655025,-6.954166666686285,2147483647.0
110.23749999988394,-6.962500000019615,2147483647.0
110.24583333321726,-6.962500000019615,339.0
110.25416666655059,-6.962500000019615,351.0
110.26249999988391,-6.962500000019615,395.0
110.27083333321724,-6.962500000019615,404.0
110.27916666655057,-6.962500000019615,382.0
110.28749999988389,-6.962500000019615,324.0
110.29583333321722,-6.962500000019615,295.0
110.30416666655054,-6.962500000019615,296.0
110.31249999988387,-6.962500000019615,283.0
110.3208333332172,-6.962500000019615,284.0
110.32916666655052,-6.962500000019615,272.0
110.33749999988385,-6.962500000019615,248.0
110.34583333321717,-6.962500000019615,218.0
110.3541666665505,-6.962500000019615,195.0
110.36249999988382,-6.962500000019615,210.0
110.37083333321715,-6.962500000019615,223.0
110.37916666655047,-6.962500000019615,235.0
110.3874999998838,-6.962500000019615,214.0
110.39583333321713,-6.962500000019615,209.0
110.40416666655045,-6.962500000019615,210.0
110.41249999988378,-6.962500000019615,217.0
110.4208333332171,-6.962500000019615,226.0
110.42916666655043,-6.962500000019615,219.0
110.43749999988376,-6.962500000019615,212.0
110.44583333321708,-6.962500000019615,204.0
110.4541666665504,-6.962500000019615,180.0
110.46249999988373,-6.962500000019615,206.0
110.47083333321706,-6.962500000019615,219.0
110.47916666655038,-6.962500000019615,226.0
110.48749999988371,-6.962500000019615,234.0
110.49583333321704,-6.962500000019615,221.0
110.50416666655036,-6.962500000019615,223.0
110.51249999988369,-6.962500000019615,224.0
110.52083333321701,-6.962500000019615,216.0
110.52916666655034,-6.962500000019615,219.0
110.53749999988366,-6.962500000019615,197.0
110.54583333321699,-6.962500000019615,216.0
110.55416666655032,-6.962500000019615,204.0
110.56249999988364,-6.962500000019615,208.0
110.57083333321697,-6.962500000019615,211.0
110.5791666665503,-6.962500000019615,206.0
110.58749999988362,-6.962500000019615,206.0
110.59583333321694,-6.962500000019615,209.0
110.60416666655027,-6.962500000019615,194.0
110.6124999998836,-6.962500000019615,185.0
110.62083333321692,-6.962500000019615,189.0
110.62916666655025,-6.962500000019615,2147483647.0
110.23749999988394,-6.970833333352945,2147483647.0
110.24583333321726,-6.970833333352945,322.0
110.25416666655059,-6.970833333352945,361.0
110.26249999988391,-6.970833333352945,413.0
110.27083333321724,-6.970833333352945,446.0
110.27916666655057,-6.970833333352945,428.0
110.28749999988389,-6.970833333352945,391.0
110.29583333321722,-6.970833333352945,396.0
110.30416666655054,-6.970833333352945,403.0
110.31249999988387,-6.970833333352945,389.0
110.3208333332172,-6.970833333352945,395.0
110.32916666655052,-6.970833333352945,400.0
110.33749999988385,-6.970833333352945,369.0
110.34583333321717,-6.970833333352945,324.0
110.3541666665505,-6.970833333352945,295.0
110.36249999988382,-6.970833333352945,263.0
110.37083333321715,-6.970833333352945,242.0
110.37916666655047,-6.970833333352945,232.0
110.3874999998838,-6.970833333352945,224.0
110.39583333321713,-6.970833333352945,228.0
110.40416666655045,-6.970833333352945,232.0
110.41249999988378,-6.970833333352945,236.0
110.4208333332171,-6.970833333352945,223.0
110.42916666655043,-6.970833333352945,222.0
110.43749999988376,-6.970833333352945,218.0
110.44583333321708,-6.970833333352945,180.0
110.4541666665504,-6.970833333352945,214.0
110.46249999988373,-6.970833333352945,228.0
110.47083333321706,-6.970833333352945,226.0
110.47916666655038,-6.970833333352945,235.0
110.48749999988371,-6.970833333352945,239.0
110.49583333321704,-6.970833333352945,228.0
110.50416666655036,-6.970833333352945,224.0
110.51249999988369,-6.970833333352945,222.0
110.52083333321701,-6.970833333352945,201.0
110.52916666655034,-6.970833333352945,206.0
110.53749999988366,-6.970833333352945,199.0
110.54583333321699,-6.970833333352945,210.0
110.55416666655032,-6.970833333352945,216.0
110.56249999988364,-6.970833333352945,206.0
110.57083333321697,-6.970833333352945,196.0
110.5791666665503,-6.970833333352945,214.0
110.58749999988362,-6.970833333352945,207.0
110.59583333321694,-6.970833333352945,207.0
110.60416666655027,-6.970833333352945,208.0
110.6124999998836,-6.970833333352945,191.0
110.62083333321692,-6.970833333352945,208.0
110.62916666655025,-6.970833333352945,2147483647.0
110.23749999988394,-6.979166666686275,2147483647.0
110.24583333321726,-6.979166666686275,337.0
110.25416666655059,-6.979166666686275,372.0
110.26249999988391,-6.979166666686275,395.0
110.27083333321724,-6.979166666686275,383.0
110.27916666655057,-6.979166666686275,405.0
110.28749999988389,-6.979166666686275,437.0
110.29583333321722,-6.979166666686275,494.0
110.30416666655054,-6.979166666686275,491.0
110.31249999988387,-6.979166666686275,475.0
110.3208333332172,-6.979166666686275,435.0
110.32916666655052,-6.979166666686275,426.0
110.33749999988385,-6.979166666686275,434.0
110.34583333321717,-6.979166666686275,419.0
110.3541666665505,-6.979166666686275,394.0
110.36249999988382,-6.979166666686275,332.0
110.37083333321715,-6.979166666686275,293.0
110.37916666655047,-6.979166666686275,296.0
110.3874999998838,-6.979166666686275,292.0
110.39583333321713,-6.979166666686275,258.0
110.40416666655045,-6.979166666686275,244.0
110.41249999988378,-6.979166666686275,239.0
110.4208333332171,-6.979166666686275,218.0
110.42916666655043,-6.979166666686275,224.0
110.43749999988376,-6.979166666686275,223.0
110.44583333321708,-6.979166666686275,217.0
110.4541666665504,-6.979166666686275,228.0
110.46249999988373,-6.979166666686275,230.0
110.47083333321706,-6.979166666686275,222.0
110.47916666655038,-6.979166666686275,231.0
110.48749999988371,-6.979166666686275,234.0
110.49583333321704,-6.979166666686275,232.0
110.50416666655036,-6.979166666686275,236.0
110.51249999988369,-6.979166666686275,226.0
110.52083333321701,-6.979166666686275,203.0
110.52916666655034,-6.979166666686275,208.0
110.53749999988366,-6.979166666686275,214.0
110.54583333321699,-6.979166666686275,208.0
110.55416666655032,-6.979166666686275,207.0
110.56249999988364,-6.979166666686275,213.0
110.57083333321697,-6.979166666686275,184.0
110.5791666665503,-6.979166666686275,198.0
110.58749999988362,-6.979166666686275,198.0
110.59583333321694,-6.979166666686275,214.0
110.60416666655027,-6.979166666686275,219.0
110.6124999998836,-6.979166666686275,193.0
110.62083333321692,-6.979166666686275,190.0
110.62916666655025,-6.979166666686275,2147483647.0
110.23749999988394,-6.9875000000196055,2147483647.0
110.24583333321726,-6.9875000000196055,400.0
110.25416666655059,-6.9875000000196055,417.0
110.26249999988391,-6.9875000000196055,410.0
110.27083333321724,-6.9875000000196055,391.0
110.27916666655057,-6.9875000000196055,417.0
110.28749999988389,-6.9875000000196055,485.0
110.29583333321722,-6.9875000000196055,506.0
110.30416666655054,-6.9875000000196055,497.0
110.31249999988387,-6.9875000000196055,499.0
110.3208333332172,-6.9875000000196055,451.0
110.32916666655052,-6.9875000000196055,410.0
110.33749999988385,-6.9875000000196055,445.0
110.34583333321717,-6.9875000000196055,463.0
110.3541666665505,-6.9875000000196055,422.0
110.36249999988382,-6.9875000000196055,375.0
110.37083333321715,-6.9875000000196055,376.0
110.37916666655047,-6.9875000000196055,367.0
110.3874999998838,-6.9875000000196055,300.0
110.39583333321713,-6.9875000000196055,286.0
110.40416666655045,-6.9875000000196055,358.0
110.41249999988378,-6.9875000000196055,372.0
110.4208333332171,-6.9875000000196055,281.0
110.42916666655043,-6.9875000000196055,219.0
110.43749999988376,-6.9875000000196055,221.0
110.44583333321708,-6.9875000000196055,220.0
110.4541666665504,-6.9875000000196055,228.0
110.46249999988373,-6.9875000000196055,228.0
110.47083333321706,-6.9875000000196055,226.0
110.47916666655038,-6.9875000000196055,237.0
110.48749999988371,-6.9875000000196055,234.0
110.49583333321704,-6.9875000000196055,233.0
110.50416666655036,-6.9875000000196055,240.0
110.51249999988369,-6.9875000000196055,222.0
110.52083333321701,-6.9875000000196055,208.0
110.52916666655034,-6.9875000000196055,214.0
110.53749999988366,-6.9875000000196055,215.0
110.54583333321699,-6.9875000000196055,219.0
110.55416666655032,-6.9875000000196055,209.0
110.56249999988364,-6.9875000000196055,204.0
110.57083333321697,-6.9875000000196055,212.0
110.5791666665503,-6.9875000000196055,213.0
110.58749999988362,-6.9875000000196055,218.0
110.59583333321694,-6.9875000000196055,218.0
110.60416666655027,-6.9875000000196055,208.0
110.6124999998836,-6.9875000000196055,213.0
110.62083333321692,-6.9875000000196055,186.0
110.62916666655025,-6.9875000000196055,2147483647.0
110.23749999988394,-6.995833333352936,2147483647.0
110.24583333321726,-6.995833333352936,369.0
110.25416666655059,-6.995833333352936,382.0
110.26249999988391,-6.995833333352936,344.0
110.27083333321724,-6.995833333352936,332.0
110.27916666655057,-6.995833333352936,389.0
110.28749999988389,-6.995833333352936,426.0
110.29583333321722,-6.995833333352936,397.0
110.30416666655054,-6.995833333352936,401.0
110.31249999988387,-6.995833333352936,441.0
110.3208333332172,-6.995833333352936,471.0
110.32916666655052,-6.995833333352936,476.0
110.33749999988385,-6.995833333352936,488.0
110.34583333321717,-6.995833333352936,483.0
110.3541666665505,-6.995833333352936,454.0
110.36249999988382,-6.995833333352936,376.0
110.37083333321715,-6.995833333352936,408.0
110.37916666655047,-6.995833333352936,357.0
110.3874999998838,-6.995833333352936,318.0
110.39583333321713,-6.995833333352936,326.0
110.40416666655045,-6.995833333352936,447.0
110.41249999988378,-6.995833333352936,466.0
110.4208333332171,-6.995833333352936,432.0
110.42916666655043,-6.995833333352936,314.0
110.43749999988376,-6.995833333352936,243.0
110.44583333321708,-6.995833333352936,262.0
110.4541666665504,-6.995833333352936,261.0
110.46249999988373,-6.995833333352936,237.0
110.47083333321706,-6.995833333352936,245.0
110.47916666655038,-6.995833333352936,250.0
110.48749999988371,-6.995833333352936,217.0
110.49583333321704,-6.995833333352936,248.0
110.50416666655036,-6.995833333352936,242.0
110.51249999988369,-6.995833333352936,226.0
110.52083333321701,-6.995833333352936,225.0
110.52916666655034,-6.995833333352936,228.0
110.53749999988366,-6.995833333352936,219.0
110.54583333321699,-6.995833333352936,216.0
110.55416666655032,-6.995833333352936,223.0
110.56249999988364,-6.995833333352936,204.0
110.57083333321697,-6.995833333352936,219.0
110.5791666665503,-6.995833333352936,216.0
110.58749999988362,-6.995833333352936,214.0
110.59583333321694,-6.995833333352936,220.0
110.60416666655027,-6.995833333352936,207.0
110.6124999998836,-6.995833333352936,213.0
110.62083333321692,-6.995833333352936,210.0
110.62916666655025,-6.995833333352936,2147483647.0
110.23749999988394,-7.004166666686266,2147483647.0
110.24583333321726,-7.004166666686266,338.0
110.25416666655059,-7.004166666686266,280.0
110.26249999988391,-7.004166666686266,322.0
110.27083333321724,-7.004166666686266,333.0
110.27916666655057,-7.004166666686266,299.0
110.28749999988389,-7.004166666686266,360.0
110.29583333321722,-7.004166666686266,335.0
110.30416666655054,-7.004166666686266,334.0
110.31249999988387,-7.004166666686266,371.0
110.3208333332172,-7.004166666686266,437.0
110.32916666655052,-7.004166666686266,480.0
110.33749999988385,-7.004166666686266,489.0
110.34583333321717,-7.004166666686266,516.0
110.3541666665505,-7.004166666686266,488.0
110.36249999988382,-7.004166666686266,317.0
110.37083333321715,-7.004166666686266,273.0
110.37916666655047,-7.004166666686266,420.0
110.3874999998838,-7.004166666686266,289.0
110.39583333321713,-7.004166666686266,455.0
110.40416666655045,-7.004166666686266,457.0
110.41249999988378,-7.004166666686266,408.0
110.4208333332171,-7.004166666686266,493.0
110.42916666655043,-7.004166666686266,445.0
110.43749999988376,-7.004166666686266,346.0
110.44583333321708,-7.004166666686266,346.0
110.4541666665504,-7.004166666686266,314.0
110.46249999988373,-7.004166666686266,252.0
110.47083333321706,-7.004166666686266,252.0
110.47916666655038,-7.004166666686266,237.0
110.48749999988371,-7.004166666686266,236.0
110.49583333321704,-7.004166666686266,247.0
110.50416666655036,-7.004166666686266,229.0
110.51249999988369,-7.004166666686266,245.0
110.52083333321701,-7.004166666686266,247.0
110.52916666655034,-7.004166666686266,235.0
110.53749999988366,-7.004166666686266,228.0
110.54583333321699,-7.004166666686266,220.0
110.55416666655032,-7.004166666686266,215.0
110.56249999988364,-7.004166666686266,200.0
110.57083333321697,-7.004166666686266,194.0
110.5791666665503,-7.004166666686266,197.0
110.58749999988362,-7.004166666686266,219.0
110.59583333321694,-7.004166666686266,215.0
110.60416666655027,-7.004166666686266,220.0
110.6124999998836,-7.004166666686266,213.0
110.62083333321692,-7.004166666686266,210.0
110.62916666655025,-7.004166666686266,2147483647.0
110.23749999988394,-7.012500000019596,2147483647.0
110.24583333321726,-7.012500000019596,354.0
110.25416666655059,-7.012500000019596,329.0
110.26249999988391,-7.012500000019596,313.0
110.27083333321724,-7.012500000019596,306.0
110.27916666655057,-7.012500000019596,357.0
110.28749999988389,-7.012500000019596,405.0
110.29583333321722,-7.012500000019596,377.0
110.30416666655054,-7.012500000019596,281.0
110.31249999988387,-7.012500000019596,347.0
110.3208333332172,-7.012500000019596,384.0
110.32916666655052,-7.012500000019596,379.0
110.33749999988385,-7.012500000019596,362.0
110.34583333321717,-7.012500000019596,498.0
110.3541666665505,-7.012500000019596,554.0
110.36249999988382,-7.012500000019596,440.0
110.37083333321715,-7.012500000019596,331.0
110.37916666655047,-7.012500000019596,344.0
110.3874999998838,-7.012500000019596,407.0
110.39583333321713,-7.012500000019596,464.0
110.40416666655045,-7.012500000019596,382.0
110.41249999988378,-7.012500000019596,329.0
110.4208333332171,-7.012500000019596,440.0
110.42916666655043,-7.012500000019596,497.0
110.43749999988376,-7.012500000019596,465.0
110.44583333321708,-7.012500000019596,404.0
110.4541666665504,-7.012500000019596,335.0
110.46249999988373,-7.012500000019596,291.0
110.47083333321706,-7.012500000019596,266.0
110.47916666655038,-7.012500000019596,234.0
110.48749999988371,-7.012500000019596,246.0
110.49583333321704,-7.012500000019596,235.0
110.50416666655036,-7.012500000019596,250.0
110.51249999988369,-7.012500000019596,251.0
110.52083333321701,-7.012500000019596,247.0
110.52916666655034,-7.012500000019596,234.0
110.53749999988366,-7.012500000019596,232.0
110.54583333321699,-7.012500000019596,234.0
110.55416666655032,-7.012500000019596,221.0
110.56249999988364,-7.012500000019596,211.0
110.57083333321697,-7.012500000019596,197.0
110.5791666665503,-7.012500000019596,219.0
110.58749999988362,-7.012500000019596,223.0
110.59583333321694,-7.012500000019596,211.0
110.60416666655027,-7.012500000019596,220.0
110.6124999998836,-7.012500000019596,205.0
110.62083333321692,-7.012500000019596,210.0
110.62916666655025,-7.012500000019596,2147483647.0
110.23749999988394,-7.020833333352926,2147483647.0
110.24583333321726,-7.020833333352926,441.0
110.25416666655059,-7.020833333352926,388.0
110.26249999988391,-7.020833333352926,363.0
110.27083333321724,-7.020833333352926,362.0
110.27916666655057,-7.020833333352926,438.0
110.28749999988389,-7.020833333352926,451.0
110.29583333321722,-7.020833333352926,382.0
110.30416666655054,-7.020833333352926,347.0
110.31249999988387,-7.020833333352926,370.0
110.3208333332172,-7.020833333352926,371.0
110.32916666655052,-7.020833333352926,338.0
110.33749999988385,-7.020833333352926,236.0
110.34583333321717,-7.020833333352926,443.0
110.3541666665505,-7.020833333352926,551.0
110.36249999988382,-7.020833333352926,537.0
110.37083333321715,-7.020833333352926,404.0
110.37916666655047,-7.020833333352926,379.0
110.3874999998838,-7.020833333352926,488.0
110.39583333321713,-7.020833333352926,374.0
110.40416666655045,-7.020833333352926,410.0
110.41249999988378,-7.020833333352926,402.0
110.4208333332171,-7.020833333352926,403.0
110.42916666655043,-7.020833333352926,434.0
110.43749999988376,-7.020833333352926,477.0
110.44583333321708,-7.020833333352926,457.0
110.4541666665504,-7.020833333352926,390.0
110.46249999988373,-7.020833333352926,277.0
110.47083333321706,-7.020833333352926,261.0
110.47916666655038,-7.020833333352926,264.0
110.48749999988371,-7.020833333352926,251.0
110.49583333321704,-7.020833333352926,243.0
110.50416666655036,-7.020833333352926,251.0
110.51249999988369,-7.020833333352926,241.0
110.52083333321701,-7.020833333352926,237.0
110.52916666655034,-7.020833333352926,232.0
110.53749999988366,-7.020833333352926,227.0
110.54583333321699,-7.020833333352926,234.0
110.55416666655032,-7.020833333352926,229.0
110.56249999988364,-7.020833333352926,224.0
110.57083333321697,-7.020833333352926,222.0
110.5791666665503,-7.020833333352926,230.0
110.58749999988362,-7.020833333352926,213.0
110.59583333321694,-7.020833333352926,221.0
110.60416666655027,-7.020833333352926,219.0
110.6124999998836,-7.020833333352926,214.0
110.62083333321692,-7.020833333352926,221.0
110.62916666655025,-7.020833333352926,2147483647.0
110.23749999988394,-7.0291666666862564,2147483647.0
110.24583333321726,-7.0291666666862564,534.0
110.25416666655059,-7.0291666666862564,466.0
110.26249999988391,-7.0291666666862564,450.0
110.27083333321724,-7.0291666666862564,408.0
110.27916666655057,-7.0291666666862564,483.0
110.28749999988389,-7.0291666666862564,502.0
110.29583333321722,-7.0291666666862564,472.0
110.30416666655054,-7.0291666666862564,436.0
110.31249999988387,-7.0291666666862564,405.0
110.3208333332172,-7.0291666666862564,403.0
110.32916666655052,-7.0291666666862564,404.0
110.33749999988385,-7.0291666666862564,398.0
110.34583333321717,-7.0291666666862564,388.0
110.3541666665505,-7.0291666666862564,434.0
110.36249999988382,-7.0291666666862564,506.0
110.37083333321715,-7.0291666666862564,470.0
110.37916666655047,-7.0291666666862564,436.0
110.3874999998838,-7.0291666666862564,519.0
110.39583333321713,-7.0291666666862564,427.0
110.40416666655045,-7.0291666666862564,441.0
110.41249999988378,-7.0291666666862564,482.0
110.4208333332171,-7.0291666666862564,482.0
110.42916666655043,-7.0291666666862564,443.0
110.43749999988376,-7.0291666666862564,421.0
110.44583333321708,-7.0291666666862564,475.0
110.4541666665504,-7.0291666666862564,471.0
110.46249999988373,-7.0291666666862564,364.0
110.47083333321706,-7.0291666666862564,260.0
110.47916666655038,-7.0291666666862564,263.0
110.48749999988371,-7.0291666666862564,270.0
110.49583333321704,-7.0291666666862564,260.0
110.50416666655036,-7.0291666666862564,252.0
110.51249999988369,-7.0291666666862564,254.0
110.52083333321701,-7.0291666666862564,240.0
110.52916666655034,-7.0291666666862564,234.0
110.53749999988366,-7.0291666666862564,228.0
110.54583333321699,-7.0291666666862564,225.0
110.55416666655032,-7.0291666666862564,221.0
110.56249999988364,-7.0291666666862564,221.0
110.57083333321697,-7.0291666666862564,235.0
110.5791666665503,-7.0291666666862564,227.0
110.58749999988362,-7.0291666666862564,217.0
110.59583333321694,-7.0291666666862564,226.0
110.60416666655027,-7.0291666666862564,228.0
110.6124999998836,-7.0291666666862564,226.0
110.62083333321692,-7.0291666666862564,211.0
110.62916666655025,-7.0291666666862564,2147483647.0
110.23749999988394,-7.037500000019587,2147483647.0
110.24583333321726,-7.037500000019587,581.0
110.25416666655059,-7.037500000019587,557.0
110.26249999988391,-7.037500000019587,540.0
110.27083333321724,-7.037500000019587,458.0
110.27916666655057,-7.037500000019587,520.0
110.28749999988389,-7.037500000019587,445.0
110.29583333321722,-7.037500000019587,396.0
110.30416666655054,-7.037500000019587,383.0
110.31249999988387,-7.037500000019587,351.0
110.3208333332172,-7.037500000019587,318.0
110.32916666655052,-7.037500000019587,423.0
110.33749999988385,-7.037500000019587,443.0
110.34583333321717,-7.037500000019587,374.0
110.3541666665505,-7.037500000019587,426.0
110.36249999988382,-7.037500000019587,504.0
110.37083333321715,-7.037500000019587,402.0
110.37916666655047,-7.037500000019587,524.0
110.3874999998838,-7.037500000019587,488.0
110.39583333321713,-7.037500000019587,537.0
110.40416666655045,-7.037500000019587,518.0
110.41249999988378,-7.037500000019587,555.0
110.4208333332171,-7.037500000019587,491.0
110.42916666655043,-7.037500000019587,527.0
110.43749999988376,-7.037500000019587,487.0
110.44583333321708,-7.037500000019587,468.0
110.4541666665504,-7.037500000019587,474.0
110.46249999988373,-7.037500000019587,436.0
110.47083333321706,-7.037500000019587,341.0
110.47916666655038,-7.037500000019587,268.0
110.48749999988371,-7.037500000019587,266.0
110.49583333321704,-7.037500000019587,265.0
110.50416666655036,-7.037500000019587,250.0
110.51249999988369,-7.037500000019587,240.0
110.52083333321701,-7.037500000019587,250.0
110.52916666655034,-7.037500000019587,238.0
110.53749999988366,-7.037500000019587,233.0
110.54583333321699,-7.037500000019587,232.0
110.55416666655032,-7.037500000019587,214.0
110.56249999988364,-7.037500000019587,227.0
110.57083333321697,-7.037500000019587,239.0
110.5791666665503,-7.037500000019587,225.0
110.58749999988362,-7.037500000019587,218.0
110.59583333321694,-7.037500000019587,216.0
110.60416666655027,-7.037500000019587,224.0
110.6124999998836,-7.037500000019587,220.0
110.62083333321692,-7.037500000019587,221.0
110.62916666655025,-7.037500000019587,2147483647.0
110.23749999988394,-7.045833333352917,2147483647.0
110.24583333321726,-7.045833333352917,482.0
110.25416666655059,-7.045833333352917,499.0
110.26249999988391,-7.045833333352917,498.0
110.27083333321724,-7.045833333352917,539.0
110.27916666655057,-7.045833333352917,449.0
110.28749999988389,-7.045833333352917,359.0
110.29583333321722,-7.045833333352917,257.0
110.30416666655054,-7.045833333352917,271.0
110.31249999988387,-7.045833333352917,256.0
110.3208333332172,-7.045833333352917,239.0
110.32916666655052,-7.045833333352917,359.0
110.33749999988385,-7.045833333352917,404.0
110.34583333321717,-7.045833333352917,436.0
110.3541666665505,-7.045833333352917,458.0
110.36249999988382,-7.045833333352917,526.0
110.37083333321715,-7.045833333352917,516.0
110.37916666655047,-7.045833333352917,558.0
110.3874999998838,-7.045833333352917,413.0
110.39583333321713,-7.045833333352917,501.0
110.40416666655045,-7.045833333352917,543.0
110.41249999988378,-7.045833333352917,468.0
110.4208333332171,-7.045833333352917,296.0
110.42916666655043,-7.045833333352917,426.0
110.43749999988376,-7.045833333352917,492.0
110.44583333321708,-7.045833333352917,500.0
110.4541666665504,-7.045833333352917,494.0
110.46249999988373,-7.045833333352917,427.0
110.47083333321706,-7.045833333352917,341.0
110.47916666655038,-7.045833333352917,286.0
110.48749999988371,-7.045833333352917,276.0
110.49583333321704,-7.045833333352917,263.0
110.50416666655036,-7.045833333352917,250.0
110.51249999988369,-7.045833333352917,239.0
110.52083333321701,-7.045833333352917,253.0
110.52916666655034,-7.045833333352917,229.0
110.53749999988366,-7.045833333352917,222.0
110.54583333321699,-7.045833333352917,236.0
110.55416666655032,-7.045833333352917,226.0
110.56249999988364,-7.045833333352917,239.0
110.57083333321697,-7.045833333352917,227.0
110.5791666665503,-7.045833333352917,228.0
110.58749999988362,-7.045833333352917,229.0
110.59583333321694,-7.045833333352917,217.0
110.60416666655027,-7.045833333352917,223.0
110.6124999998836,-7.045833333352917,232.0
110.62083333321692,-7.045833333352917,210.0
110.62916666655025,-7.045833333352917,2147483647.0
110.23749999988394,-7.054166666686247,2147483647.0
110.24583333321726,-7.054166666686247,388.0
110.25416666655059,-7.054166666686247,393.0
110.26249999988391,-7.054166666686247,384.0
110.27083333321724,-7.054166666686247,443.0
110.27916666655057,-7.054166666686247,426.0
110.28749999988389,-7.054166666686247,300.0
110.29583333321722,-7.054166666686247,255.0
110.30416666655054,-7.054166666686247,318.0
110.31249999988387,-7.054166666686247,346.0
110.3208333332172,-7.054166666686247,331.0
110.32916666655052,-7.054166666686247,302.0
110.33749999988385,-7.054166666686247,352.0
110.34583333321717,-7.054166666686247,371.0
110.3541666665505,-7.054166666686247,402.0
110.36249999988382,-7.054166666686247,521.0
110.37083333321715,-7.054166666686247,563.0
110.37916666655047,-7.054166666686247,518.0
110.3874999998838,-7.054166666686247,405.0
110.39583333321713,-7.054166666686247,409.0
110.40416666655045,-7.054166666686247,426.0
110.41249999988378,-7.054166666686247,225.0
110.4208333332171,-7.054166666686247,341.0
110.42916666655043,-7.054166666686247,272.0
110.43749999988376,-7.054166666686247,419.0
110.44583333321708,-7.054166666686247,560.0
110.4541666665504,-7.054166666686247,533.0
110.46249999988373,-7.054166666686247,391.0
110.47083333321706,-7.054166666686247,235.0
110.47916666655038,-7.054166666686247,270.0
110.48749999988371,-7.054166666686247,285.0
110.49583333321704,-7.054166666686247,273.0
110.50416666655036,-7.054166666686247,263.0
110.51249999988369,-7.054166666686247,269.0
110.52083333321701,-7.054166666686247,254.0
110.52916666655034,-7.054166666686247,231.0
110.53749999988366,-7.054166666686247,222.0
110.54583333321699,-7.054166666686247,229.0
110.55416666655032,-7.054166666686247,235.0
110.56249999988364,-7.054166666686247,245.0
110.57083333321697,-7.054166666686247,228.0
110.5791666665503,-7.054166666686247,222.0
110.58749999988362,-7.054166666686247,232.0
110.59583333321694,-7.054166666686247,241.0
110.60416666655027,-7.054166666686247,233.0
110.6124999998836,-7.054166666686247,198.0
110.62083333321692,-7.054166666686247,217.0
110.62916666655025,-7.054166666686247,2147483647.0
110.23749999988394,-7.062500000019577,2147483647.0
110.24583333321726,-7.062500000019577,310.0
110.25416666655059,-7.062500000019577,334.0
110.26249999988391,-7.062500000019577,366.0
110.27083333321724,-7.062500000019577,328.0
110.27916666655057,-7.062500000019577,329.0
110.28749999988389,-7.062500000019577,373.0
110.29583333321722,-7.062500000019577,330.0
110.30416666655054,-7.062500000019577,318.0
110.31249999988387,-7.062500000019577,294.0
110.3208333332172,-7.062500000019577,311.0
110.32916666655052,-7.062500000019577,337.0
110.33749999988385,-7.062500000019577,230.0
110.34583333321717,-7.062500000019577,319.0
110.3541666665505,-7.062500000019577,378.0
110.36249999988382,-7.062500000019577,446.0
110.37083333321715,-7.062500000019577,462.0
110.37916666655047,-7.062500000019577,456.0
110.3874999998838,-7.062500000019577,447.0
110.39583333321713,-7.062500000019577,406.0
110.40416666655045,-7.062500000019577,359.0
110.41249999988378,-7.062500000019577,291.0
110.4208333332171,-7.062500000019577,330.0
110.42916666655043,-7.062500000019577,312.0
110.43749999988376,-7.062500000019577,445.0
110.44583333321708,-7.062500000019577,567.0
110.4541666665504,-7.062500000019577,537.0
110.46249999988373,-7.062500000019577,364.0
110.47083333321706,-7.062500000019577,342.0
110.47916666655038,-7.062500000019577,304.0
110.48749999988371,-7.062500000019577,233.0
110.49583333321704,-7.062500000019577,275.0
110.50416666655036,-7.062500000019577,258.0
110.51249999988369,-7.062500000019577,260.0
110.52083333321701,-7.062500000019577,260.0
110.52916666655034,-7.062500000019577,255.0
110.53749999988366,-7.062500000019577,239.0
110.54583333321699,-7.062500000019577,226.0
110.55416666655032,-7.062500000019577,245.0
110.56249999988364,-7.062500000019577,238.0
110.57083333321697,-7.062500000019577,230.0
110.5791666665503,-7.062500000019577,238.0
110.58749999988362,-7.062500000019577,216.0
110.59583333321694,-7.062500000019577,240.0
110.60416666655027,-7.062500000019577,242.0
110.6124999998836,-7.062500000019577,227.0
110.62083333321692,-7.062500000019577,222.0
110.62916666655025,-7.062500000019577,2147483647.0
110.23749999988394,-7.070833333352907,2147483647.0
110.24583333321726,-7.070833333352907,230.0
110.25416666655059,-7.070833333352907,264.0
110.26249999988391,-7.070833333352907,330.0
110.27083333321724,-7.070833333352907,334.0
110.27916666655057,-7.070833333352907,260.0
110.28749999988389,-7.070833333352907,277.0
110.29583333321722,-7.070833333352907,296.0
110.30416666655054,-7.070833333352907,266.0
110.31249999988387,-7.070833333352907,304.0
110.3208333332172,-7.070833333352907,314.0
110.32916666655052,-7.070833333352907,285.0
110.33749999988385,-7.070833333352907,260.0
110.34583333321717,-7.070833333352907,389.0
110.3541666665505,-7.070833333352907,393.0
110.36249999988382,-7.070833333352907,335.0
110.37083333321715,-7.070833333352907,345.0
110.37916666655047,-7.070833333352907,377.0
110.3874999998838,-7.070833333352907,435.0
110.39583333321713,-7.070833333352907,438.0
110.40416666655045,-7.070833333352907,388.0
110.41249999988378,-7.070833333352907,401.0
110.4208333332171,-7.070833333352907,420.0
110.42916666655043,-7.070833333352907,431.0
110.43749999988376,-7.070833333352907,525.0
110.44583333321708,-7.070833333352907,558.0
110.4541666665504,-7.070833333352907,457.0
110.46249999988373,-7.070833333352907,335.0
110.47083333321706,-7.070833333352907,436.0
110.47916666655038,-7.070833333352907,439.0
110.48749999988371,-7.070833333352907,344.0
110.49583333321704,-7.070833333352907,257.0
110.50416666655036,-7.070833333352907,314.0
110.51249999988369,-7.070833333352907,315.0
110.52083333321701,-7.070833333352907,271.0
110.52916666655034,-7.070833333352907,262.0
110.53749999988366,-7.070833333352907,261.0
110.54583333321699,-7.070833333352907,244.0
110.55416666655032,-7.070833333352907,253.0
110.56249999988364,-7.070833333352907,236.0
110.57083333321697,-7.070833333352907,227.0
110.5791666665503,-7.070833333352907,228.0
110.58749999988362,-7.070833333352907,235.0
110.59583333321694,-7.070833333352907,221.0
110.60416666655027,-7.070833333352907,236.0
110.6124999998836,-7.070833333352907,234.0
110.62083333321692,-7.070833333352907,226.0
110.62916666655025,-7.070833333352907,2147483647.0
110.23749999988394,-7.079166666686238,2147483647.0
110.24583333321726,-7.079166666686238,230.0
110.25416666655059,-7.079166666686238,270.0
110.26249999988391,-7.079166666686238,343.0
110.27083333321724,-7.079166666686238,306.0
110.27916666655057,-7.079166666686238,260.0
110.28749999988389,-7.079166666686238,298.0
110.29583333321722,-7.079166666686238,293.0
110.30416666655054,-7.079166666686238,295.0
110.31249999988387,-7.079166666686238,349.0
110.3208333332172,-7.079166666686238,392.0
110.32916666655052,-7.079166666686238,390.0
110.33749999988385,-7.079166666686238,420.0
110.34583333321717,-7.079166666686238,459.0
110.3541666665505,-7.079166666686238,424.0
110.36249999988382,-7.079166666686238,409.0
110.37083333321715,-7.079166666686238,386.0
110.37916666655047,-7.079166666686238,392.0
110.3874999998838,-7.079166666686238,415.0
110.39583333321713,-7.079166666686238,448.0
110.40416666655045,-7.079166666686238,433.0
110.41249999988378,-7.079166666686238,457.0
110.4208333332171,-7.079166666686238,478.0
110.42916666655043,-7.079166666686238,523.0
110.43749999988376,-7.079166666686238,553.0
110.44583333321708,-7.079166666686238,475.0
110.4541666665504,-7.079166666686238,274.0
110.46249999988373,-7.079166666686238,439.0
110.47083333321706,-7.079166666686238,458.0
110.47916666655038,-7.079166666686238,512.0
110.48749999988371,-7.079166666686238,492.0
110.49583333321704,-7.079166666686238,364.0
110.50416666655036,-7.079166666686238,394.0
110.51249999988369,-7.079166666686238,400.0
110.52083333321701,-7.079166666686238,350.0
110.52916666655034,-7.079166666686238,297.0
110.53749999988366,-7.079166666686238,296.0
110.54583333321699,-7.079166666686238,286.0
110.55416666655032,-7.079166666686238,261.0
110.56249999988364,-7.079166666686238,255.0
110.57083333321697,-7.079166666686238,267.0
110.5791666665503,-7.079166666686238,258.0
110.58749999988362,-7.079166666686238,238.0
110.59583333321694,-7.079166666686238,234.0
110.60416666655027,-7.079166666686238,243.0
110.6124999998836,-7.079166666686238,275.0
110.62083333321692,-7.079166666686238,324.0
110.62916666655025,-7.079166666686238,2147483647.0
110.23749999988394,-7.087500000019568,2147483647.0
110.24583333321726,-7.087500000019568,266.0
110.25416666655059,-7.087500000019568,302.0
110.26249999988391,-7.087500000019568,328.0
110.27083333321724,-7.087500000019568,274.0
110.27916666655057,-7.087500000019568,221.0
110.28749999988389,-7.087500000019568,322.0
110.29583333321722,-7.087500000019568,395.0
110.30416666655054,-7.087500000019568,428.0
110.31249999988387,-7.087500000019568,449.0
110.3208333332172,-7.087500000019568,462.0
110.32916666655052,-7.087500000019568,445.0
110.33749999988385,-7.087500000019568,473.0
110.34583333321717,-7.087500000019568,502.0
110.3541666665505,-7.087500000019568,489.0
110.36249999988382,-7.087500000019568,512.0
110.37083333321715,-7.087500000019568,471.0
110.37916666655047,-7.087500000019568,393.0
110.3874999998838,-7.087500000019568,328.0
110.39583333321713,-7.087500000019568,420.0
110.40416666655045,-7.087500000019568,477.0
110.41249999988378,-7.087500000019568,473.0
110.4208333332171,-7.087500000019568,565.0
110.42916666655043,-7.087500000019568,563.0
110.43749999988376,-7.087500000019568,492.0
110.44583333321708,-7.087500000019568,386.0
110.4541666665504,-7.087500000019568,456.0
110.46249999988373,-7.087500000019568,504.0
110.47083333321706,-7.087500000019568,518.0
110.47916666655038,-7.087500000019568,502.0
110.48749999988371,-7.087500000019568,539.0
110.49583333321704,-7.087500000019568,439.0
110.50416666655036,-7.087500000019568,419.0
110.51249999988369,-7.087500000019568,419.0
110.52083333321701,-7.087500000019568,387.0
110.52916666655034,-7.087500000019568,333.0
110.53749999988366,-7.087500000019568,332.0
110.54583333321699,-7.087500000019568,315.0
110.55416666655032,-7.087500000019568,258.0
110.56249999988364,-7.087500000019568,263.0
110.57083333321697,-7.087500000019568,302.0
110.5791666665503,-7.087500000019568,315.0
110.58749999988362,-7.087500000019568,303.0
110.59583333321694,-7.087500000019568,269.0
110.60416666655027,-7.087500000019568,248.0
110.6124999998836,-7.087500000019568,307.0
110.62083333321692,-7.087500000019568,381.0
110.62916666655025,-7.087500000019568,2147483647.0
110.23749999988394,-7.095833333352898,2147483647.0
110.24583333321726,-7.095833333352898,246.0
110.25416666655059,-7.095833333352898,262.0
110.26249999988391,-7.095833333352898,331.0
110.27083333321724,-7.095833333352898,362.0
110.27916666655057,-7.095833333352898,386.0
110.28749999988389,-7.095833333352898,450.0
110.29583333321722,-7.095833333352898,469.0
110.30416666655054,-7.095833333352898,455.0
110.31249999988387,-7.095833333352898,452.0
110.3208333332172,-7.095833333352898,482.0
110.32916666655052,-7.095833333352898,485.0
110.33749999988385,-7.095833333352898,457.0
110.34583333321717,-7.095833333352898,480.0
110.3541666665505,-7.095833333352898,501.0
110.36249999988382,-7.095833333352898,515.0
110.37083333321715,-7.095833333352898,515.0
110.37916666655047,-7.095833333352898,428.0
110.3874999998838,-7.095833333352898,242.0
110.39583333321713,-7.095833333352898,322.0
110.40416666655045,-7.095833333352898,379.0
110.41249999988378,-7.095833333352898,569.0
110.4208333332171,-7.095833333352898,608.0
110.42916666655043,-7.095833333352898,509.0
110.43749999988376,-7.095833333352898,404.0
110.44583333321708,-7.095833333352898,412.0
110.4541666665504,-7.095833333352898,499.0
110.46249999988373,-7.095833333352898,561.0
110.47083333321706,-7.095833333352898,525.0
110.47916666655038,-7.095833333352898,360.0
110.48749999988371,-7.095833333352898,513.0
110.49583333321704,-7.095833333352898,417.0
110.50416666655036,-7.095833333352898,410.0
110.51249999988369,-7.095833333352898,456.0
110.52083333321701,-7.095833333352898,424.0
110.52916666655034,-7.095833333352898,343.0
110.53749999988366,-7.095833333352898,294.0
110.54583333321699,-7.095833333352898,315.0
110.55416666655032,-7.095833333352898,266.0
110.56249999988364,-7.095833333352898,258.0
110.57083333321697,-7.095833333352898,295.0
110.5791666665503,-7.095833333352898,324.0
110.58749999988362,-7.095833333352898,329.0
110.59583333321694,-7.095833333352898,289.0
110.60416666655027,-7.095833333352898,252.0
110.6124999998836,-7.095833333352898,345.0
110.62083333321692,-7.095833333352898,360.0
110.62916666655025,-7.095833333352898,2147483647.0
110.23749999988394,-7.104166666686228,2147483647.0
110.24583333321726,-7.104166666686228,396.0
110.25416666655059,-7.104166666686228,401.0
110.26249999988391,-7.104166666686228,366.0
110.27083333321724,-7.104166666686228,414.0
110.27916666655057,-7.104166666686228,454.0
110.28749999988389,-7.104166666686228,478.0
110.29583333321722,-7.104166666686228,481.0
110.30416666655054,-7.104166666686228,460.0
110.31249999988387,-7.104166666686228,467.0
110.3208333332172,-7.104166666686228,500.0
110.32916666655052,-7.104166666686228,509.0
110.33749999988385,-7.104166666686228,468.0
110.34583333321717,-7.104166666686228,504.0
110.3541666665505,-7.104166666686228,530.0
110.36249999988382,-7.104166666686228,531.0
110.37083333321715,-7.104166666686228,534.0
110.37916666655047,-7.104166666686228,497.0
110.3874999998838,-7.104166666686228,408.0
110.39583333321713,-7.104166666686228,298.0
110.40416666655045,-7.104166666686228,380.0
110.41249999988378,-7.104166666686228,507.0
110.4208333332171,-7.104166666686228,606.0
110.42916666655043,-7.104166666686228,542.0
110.43749999988376,-7.104166666686228,411.0
110.44583333321708,-7.104166666686228,471.0
110.4541666665504,-7.104166666686228,534.0
110.46249999988373,-7.104166666686228,535.0
110.47083333321706,-7.104166666686228,447.0
110.47916666655038,-7.104166666686228,513.0
110.48749999988371,-7.104166666686228,492.0
110.49583333321704,-7.104166666686228,238.0
110.50416666655036,-7.104166666686228,382.0
110.51249999988369,-7.104166666686228,432.0
110.52083333321701,-7.104166666686228,467.0
110.52916666655034,-7.104166666686228,392.0
110.53749999988366,-7.104166666686228,333.0
110.54583333321699,-7.104166666686228,307.0
110.55416666655032,-7.104166666686228,250.0
110.56249999988364,-7.104166666686228,268.0
110.57083333321697,-7.104166666686228,287.0
110.5791666665503,-7.104166666686228,287.0
110.58749999988362,-7.104166666686228,314.0
110.59583333321694,-7.104166666686228,294.0
110.60416666655027,-7.104166666686228,280.0
110.6124999998836,-7.104166666686228,322.0
110.62083333321692,-7.104166666686228,356.0
110.62916666655025,-7.104166666686228,2147483647.0
110.23749999988394,-7.112500000019558,2147483647.0
110.24583333321726,-7.112500000019558,462.0
110.25416666655059,-7.112500000019558,465.0
110.26249999988391,-7.112500000019558,453.0
110.27083333321724,-7.112500000019558,456.0
110.27916666655057,-7.112500000019558,471.0
110.28749999988389,-7.112500000019558,482.0
110.29583333321722,-7.112500000019558,486.0
110.30416666655054,-7.112500000019558,489.0
110.31249999988387,-7.112500000019558,496.0
110.3208333332172,-7.112500000019558,487.0
110.32916666655052,-7.112500000019558,482.0
110.33749999988385,-7.112500000019558,500.0
110.34583333321717,-7.112500000019558,561.0
110.3541666665505,-7.112500000019558,576.0
110.36249999988382,-7.112500000019558,562.0
110.37083333321715,-7.112500000019558,581.0
110.37916666655047,-7.112500000019558,553.0
110.3874999998838,-7.112500000019558,507.0
110.39583333321713,-7.112500000019558,401.0
110.40416666655045,-7.112500000019558,367.0
110.41249999988378,-7.112500000019558,373.0
110.4208333332171,-7.112500000019558,594.0
110.42916666655043,-7.112500000019558,589.0
110.43749999988376,-7.112500000019558,516.0
110.44583333321708,-7.112500000019558,572.0
110.4541666665504,-7.112500000019558,566.0
110.46249999988373,-7.112500000019558,462.0
110.47083333321706,-7.112500000019558,494.0
110.47916666655038,-7.112500000019558,556.0
110.48749999988371,-7.112500000019558,399.0
110.49583333321704,-7.112500000019558,434.0
110.50416666655036,-7.112500000019558,491.0
110.51249999988369,-7.112500000019558,407.0
110.52083333321701,-7.112500000019558,439.0
110.52916666655034,-7.112500000019558,416.0
110.53749999988366,-7.112500000019558,381.0
110.54583333321699,-7.112500000019558,334.0
110.55416666655032,-7.112500000019558,283.0
110.56249999988364,-7.112500000019558,303.0
110.57083333321697,-7.112500000019558,323.0
110.5791666665503,-7.112500000019558,277.0
110.58749999988362,-7.112500000019558,312.0
110.59583333321694,-7.112500000019558,286.0
110.60416666655027,-7.112500000019558,300.0
110.6124999998836,-7.112500000019558,323.0
110.62083333321692,-7.112500000019558,323.0
110.62916666655025,-7.112500000019558,2147483647.0
110.23749999988394,-7.120833333352889,2147483647.0
110.24583333321726,-7.120833333352889,490.0
110.25416666655059,-7.120833333352889,489.0
110.26249999988391,-7.120833333352889,508.0
110.27083333321724,-7.120833333352889,459.0
110.27916666655057,-7.120833333352889,438.0
110.28749999988389,-7.120833333352889,477.0
110.29583333321722,-7.120833333352889,486.0
110.30416666655054,-7.120833333352889,532.0
110.31249999988387,-7.120833333352889,543.0
110.3208333332172,-7.120833333352889,517.0
110.32916666655052,-7.120833333352889,540.0
110.33749999988385,-7.120833333352889,567.0
110.34583333321717,-7.120833333352889,603.0
110.3541666665505,-7.120833333352889,610.0
110.36249999988382,-7.120833333352889,566.0
110.37083333321715,-7.120833333352889,600.0
110.37916666655047,-7.120833333352889,591.0
110.3874999998838,-7.120833333352889,540.0
110.39583333321713,-7.120833333352889,476.0
110.40416666655045,-7.120833333352889,333.0
110.41249999988378,-7.120833333352889,310.0
110.4208333332171,-7.120833333352889,496.0
110.42916666655043,-7.120833333352889,605.0
110.43749999988376,-7.120833333352889,619.0
110.44583333321708,-7.120833333352889,589.0
110.4541666665504,-7.120833333352889,524.0
110.46249999988373,-7.120833333352889,404.0
110.47083333321706,-7.120833333352889,536.0
110.47916666655038,-7.120833333352889,521.0
110.48749999988371,-7.120833333352889,319.0
110.49583333321704,-7.120833333352889,561.0
110.50416666655036,-7.120833333352889,568.0
110.51249999988369,-7.120833333352889,549.0
110.52083333321701,-7.120833333352889,493.0
110.52916666655034,-7.120833333352889,394.0
110.53749999988366,-7.120833333352889,373.0
110.54583333321699,-7.120833333352889,345.0
110.55416666655032,-7.120833333352889,372.0
110.56249999988364,-7.120833333352889,404.0
110.57083333321697,-7.120833333352889,374.0
110.5791666665503,-7.120833333352889,322.0
110.58749999988362,-7.120833333352889,340.0
110.59583333321694,-7.120833333352889,380.0
110.60416666655027,-7.120833333352889,376.0
110.6124999998836,-7.120833333352889,330.0
110.62083333321692,-7.120833333352889,296.0
110.62916666655025,-7.120833333352889,2147483647.0
110.23749999988394,-7.129166666686219,2147483647.0
110.24583333321726,-7.129166666686219,484.0
110.25416666655059,-7.129166666686219,483.0
110.26249999988391,-7.129166666686219,511.0
110.27083333321724,-7.129166666686219,449.0
110.27916666655057,-7.129166666686219,365.0
110.28749999988389,-7.129166666686219,482.0
110.29583333321722,-7.129166666686219,504.0
110.30416666655054,-7.129166666686219,552.0
110.31249999988387,-7.129166666686219,584.0
110.3208333332172,-7.129166666686219,584.0
110.32916666655052,-7.129166666686219,677.0
110.33749999988385,-7.129166666686219,782.0
110.34583333321717,-7.129166666686219,766.0
110.3541666665505,-7.129166666686219,701.0
110.36249999988382,-7.129166666686219,627.0
110.37083333321715,-7.129166666686219,661.0
110.37916666655047,-7.129166666686219,648.0
110.3874999998838,-7.129166666686219,588.0
110.39583333321713,-7.129166666686219,452.0
110.40416666655045,-7.129166666686219,395.0
110.41249999988378,-7.129166666686219,388.0
110.4208333332171,-7.129166666686219,455.0
110.42916666655043,-7.129166666686219,525.0
110.43749999988376,-7.129166666686219,531.0
110.44583333321708,-7.129166666686219,474.0
110.4541666665504,-7.129166666686219,471.0
110.46249999988373,-7.129166666686219,521.0
110.47083333321706,-7.129166666686219,560.0
110.47916666655038,-7.129166666686219,455.0
110.48749999988371,-7.129166666686219,450.0
110.49583333321704,-7.129166666686219,581.0
110.50416666655036,-7.129166666686219,268.0
110.51249999988369,-7.129166666686219,558.0
110.52083333321701,-7.129166666686219,538.0
110.52916666655034,-7.129166666686219,474.0
110.53749999988366,-7.129166666686219,417.0
110.54583333321699,-7.129166666686219,286.0
110.55416666655032,-7.129166666686219,412.0
110.56249999988364,-7.129166666686219,436.0
110.57083333321697,-7.129166666686219,420.0
110.5791666665503,-7.129166666686219,417.0
110.58749999988362,-7.129166666686219,444.0
110.59583333321694,-7.129166666686219,467.0
110.60416666655027,-7.129166666686219,428.0
110.6124999998836,-7.129166666686219,372.0
110.62083333321692,-7.129166666686219,355.0
110.62916666655025,-7.129166666686219,2147483647.0
110.23749999988394,-7.137500000019549,2147483647.0
110.24583333321726,-7.137500000019549,491.0
110.25416666655059,-7.137500000019549,475.0
110.26249999988391,-7.137500000019549,511.0
110.27083333321724,-7.137500000019549,521.0
110.27916666655057,-7.137500000019549,346.0
110.28749999988389,-7.137500000019549,518.0
110.29583333321722,-7.137500000019549,549.0
110.30416666655054,-7.137500000019549,570.0
110.31249999988387,-7.137500000019549,617.0
110.3208333332172,-7.137500000019549,707.0
110.32916666655052,-7.137500000019549,821.0
110.33749999988385,-7.137500000019549,900.0
110.34583333321717,-7.137500000019549,900.0
110.3541666665505,-7.137500000019549,831.0
110.36249999988382,-7.137500000019549,773.0
110.37083333321715,-7.137500000019549,783.0
110.37916666655047,-7.137500000019549,777.0
110.3874999998838,-7.137500000019549,628.0
110.39583333321713,-7.137500000019549,451.0
110.40416666655045,-7.137500000019549,370.0
110.41249999988378,-7.137500000019549,432.0
110.4208333332171,-7.137500000019549,374.0
110.42916666655043,-7.137500000019549,353.0
110.43749999988376,-7.137500000019549,426.0
110.44583333321708,-7.137500000019549,414.0
110.4541666665504,-7.137500000019549,435.0
110.46249999988373,-7.137500000019549,564.0
110.47083333321706,-7.137500000019549,566.0
110.47916666655038,-7.137500000019549,453.0
110.48749999988371,-7.137500000019549,494.0
110.49583333321704,-7.137500000019549,445.0
110.50416666655036,-7.137500000019549,439.0
110.51249999988369,-7.137500000019549,468.0
110.52083333321701,-7.137500000019549,397.0
110.52916666655034,-7.137500000019549,456.0
110.53749999988366,-7.137500000019549,466.0
110.54583333321699,-7.137500000019549,358.0
110.55416666655032,-7.137500000019549,416.0
110.56249999988364,-7.137500000019549,406.0
110.57083333321697,-7.137500000019549,424.0
110.5791666665503,-7.137500000019549,446.0
110.58749999988362,-7.137500000019549,459.0
110.59583333321694,-7.137500000019549,403.0
110.60416666655027,-7.137500000019549,391.0
110.6124999998836,-7.137500000019549,334.0
110.62083333321692,-7.137500000019549,212.0
110.62916666655025,-7.137500000019549,2147483647.0
110.23749999988394,-7.145833333352879,2147483647.0
110.24583333321726,-7.145833333352879,513.0
110.25416666655059,-7.145833333352879,438.0
110.26249999988391,-7.145833333352879,363.0
110.27083333321724,-7.145833333352879,539.0
110.27916666655057,-7.145833333352879,485.0
110.28749999988389,-7.145833333352879,540.0
110.29583333321722,-7.145833333352879,627.0
110.30416666655054,-7.145833333352879,721.0
110.31249999988387,-7.145833333352879,772.0
110.3208333332172,-7.145833333352879,838.0
110.32916666655052,-7.145833333352879,899.0
110.33749999988385,-7.145833333352879,900.0
110.34583333321717,-7.145833333352879,900.0
110.3541666665505,-7.145833333352879,900.0
110.36249999988382,-7.145833333352879,900.0
110.37083333321715,-7.145833333352879,900.0
110.37916666655047,-7.145833333352879,856.0
110.3874999998838,-7.145833333352879,659.0
110.39583333321713,-7.145833333352879,492.0
110.40416666655045,-7.145833333352879,377.0
110.41249999988378,-7.145833333352879,387.0
110.4208333332171,-7.145833333352879,418.0
110.42916666655043,-7.145833333352879,461.0
110.43749999988376,-7.145833333352879,465.0
110.44583333321708,-7.145833333352879,446.0
110.4541666665504,-7.145833333352879,432.0
110.46249999988373,-7.145833333352879,548.0
110.47083333321706,-7.145833333352879,574.0
110.47916666655038,-7.145833333352879,533.0
110.48749999988371,-7.145833333352879,524.0
110.49583333321704,-7.145833333352879,308.0
110.50416666655036,-7.145833333352879,458.0
110.51249999988369,-7.145833333352879,461.0
110.52083333321701,-7.145833333352879,371.0
110.52916666655034,-7.145833333352879,396.0
110.53749999988366,-7.145833333352879,382.0
110.54583333321699,-7.145833333352879,404.0
110.55416666655032,-7.145833333352879,435.0
110.56249999988364,-7.145833333352879,438.0
110.57083333321697,-7.145833333352879,384.0
110.5791666665503,-7.145833333352879,307.0
110.58749999988362,-7.145833333352879,317.0
110.59583333321694,-7.145833333352879,397.0
110.60416666655027,-7.145833333352879,398.0
110.6124999998836,-7.145833333352879,341.0
110.62083333321692,-7.145833333352879,336.0
110.62916666655025,-7.145833333352879,2147483647.0
110.23749999988394,-7.154166666686209,2147483647.0
110.24583333321726,-7.154166666686209,427.0
110.25416666655059,-7.154166666686209,485.0
110.26249999988391,-7.154166666686209,337.0
110.27083333321724,-7.154166666686209,331.0
110.27916666655057,-7.154166666686209,500.0
110.28749999988389,-7.154166666686209,609.0
110.29583333321722,-7.154166666686209,786.0
110.30416666655054,-7.154166666686209,859.0
110.31249999988387,-7.154166666686209,878.0
110.3208333332172,-7.154166666686209,900.0
110.32916666655052,-7.154166666686209,900.0
110.33749999988385,-7.154166666686209,900.0
110.34583333321717,-7.154166666686209,900.0
110.3541666665505,-7.154166666686209,900.0
110.36249999988382,-7.154166666686209,900.0
110.37083333321715,-7.154166666686209,900.0
110.37916666655047,-7.154166666686209,900.0
110.3874999998838,-7.154166666686209,749.0
110.39583333321713,-7.154166666686209,526.0
110.40416666655045,-7.154166666686209,434.0
110.41249999988378,-7.154166666686209,408.0
110.4208333332171,-7.154166666686209,483.0
110.42916666655043,-7.154166666686209,529.0
110.43749999988376,-7.154166666686209,485.0
110.44583333321708,-7.154166666686209,467.0
110.4541666665504,-7.154166666686209,452.0
110.46249999988373,-7.154166666686209,476.0
110.47083333321706,-7.154166666686209,500.0
110.47916666655038,-7.154166666686209,493.0
110.48749999988371,-7.154166666686209,464.0
110.49583333321704,-7.154166666686209,463.0
110.50416666655036,-7.154166666686209,418.0
110.51249999988369,-7.154166666686209,460.0
110.52083333321701,-7.154166666686209,465.0
110.52916666655034,-7.154166666686209,379.0
110.53749999988366,-7.154166666686209,344.0
110.54583333321699,-7.154166666686209,455.0
110.55416666655032,-7.154166666686209,473.0
110.56249999988364,-7.154166666686209,401.0
110.57083333321697,-7.154166666686209,351.0
110.5791666665503,-7.154166666686209,378.0
110.58749999988362,-7.154166666686209,381.0
110.59583333321694,-7.154166666686209,375.0
110.60416666655027,-7.154166666686209,348.0
110.6124999998836,-7.154166666686209,365.0
110.62083333321692,-7.154166666686209,390.0
110.62916666655025,-7.154166666686209,2147483647.0
110.23749999988394,-7.16250000001954,2147483647.0
110.24583333321726,-7.16250000001954,556.0
110.25416666655059,-7.16250000001954,514.0
110.26249999988391,-7.16250000001954,572.0
110.27083333321724,-7.16250000001954,404.0
110.27916666655057,-7.16250000001954,504.0
110.28749999988389,-7.16250000001954,617.0
110.29583333321722,-7.16250000001954,784.0
110.30416666655054,-7.16250000001954,877.0
110.31249999988387,-7.16250000001954,900.0
110.3208333332172,-7.16250000001954,900.0
110.32916666655052,-7.16250000001954,900.0
110.33749999988385,-7.16250000001954,900.0
110.34583333321717,-7.16250000001954,900.0
110.3541666665505,-7.16250000001954,900.0
110.36249999988382,-7.16250000001954,900.0
110.37083333321715,-7.16250000001954,900.0
110.37916666655047,-7.16250000001954,900.0
110.3874999998838,-7.16250000001954,872.0
110.39583333321713,-7.16250000001954,578.0
110.40416666655045,-7.16250000001954,477.0
110.41249999988378,-7.16250000001954,465.0
110.4208333332171,-7.16250000001954,480.0
110.42916666655043,-7.16250000001954,401.0
110.43749999988376,-7.16250000001954,436.0
110.44583333321708,-7.16250000001954,477.0
110.4541666665504,-7.16250000001954,496.0
110.46249999988373,-7.16250000001954,459.0
110.47083333321706,-7.16250000001954,432.0
110.47916666655038,-7.16250000001954,398.0
110.48749999988371,-7.16250000001954,417.0
110.49583333321704,-7.16250000001954,462.0
110.50416666655036,-7.16250000001954,436.0
110.51249999988369,-7.16250000001954,394.0
110.52083333321701,-7.16250000001954,476.0
110.52916666655034,-7.16250000001954,434.0
110.53749999988366,-7.16250000001954,422.0
110.54583333321699,-7.16250000001954,440.0
110.55416666655032,-7.16250000001954,339.0
110.56249999988364,-7.16250000001954,352.0
110.57083333321697,-7.16250000001954,420.0
110.5791666665503,-7.16250000001954,389.0
110.58749999988362,-7.16250000001954,366.0
110.59583333321694,-7.16250000001954,354.0
110.60416666655027,-7.16250000001954,317.0
110.6124999998836,-7.16250000001954,369.0
110.62083333321692,-7.16250000001954,413.0
110.62916666655025,-7.16250000001954,2147483647.0
110.23749999988394,-7.17083333335287,2147483647.0
110.24583333321726,-7.17083333335287,761.0
110.25416666655059,-7.17083333335287,524.0
110.26249999988391,-7.17083333335287,596.0
110.27083333321724,-7.17083333335287,612.0
110.27916666655057,-7.17083333335287,488.0
110.28749999988389,-7.17083333335287,611.0
110.29583333321722,-7.17083333335287,788.0
110.30416666655054,-7.17083333335287,900.0
110.31249999988387,-7.17083333335287,900.0
110.3208333332172,-7.17083333335287,900.0
110.32916666655052,-7.17083333335287,900.0
110.33749999988385,-7.17083333335287,900.0
110.34583333321717,-7.17083333335287,900.0
110.3541666665505,-7.17083333335287,645.0
110.36249999988382,-7.17083333335287,900.0
110.37083333321715,-7.17083333335287,900.0
110.37916666655047,-7.17083333335287,900.0
110.3874999998838,-7.17083333335287,887.0
110.39583333321713,-7.17083333335287,609.0
110.40416666655045,-7.17083333335287,491.0
110.41249999988378,-7.17083333335287,448.0
110.4208333332171,-7.17083333335287,361.0
110.42916666655043,-7.17083333335287,292.0
110.43749999988376,-7.17083333335287,348.0
110.44583333321708,-7.17083333335287,427.0
110.4541666665504,-7.17083333335287,492.0
110.46249999988373,-7.17083333335287,467.0
110.47083333321706,-7.17083333335287,441.0
110.47916666655038,-7.17083333335287,415.0
110.48749999988371,-7.17083333335287,286.0
110.49583333321704,-7.17083333335287,335.0
110.50416666655036,-7.17083333335287,459.0
110.51249999988369,-7.17083333335287,498.0
110.52083333321701,-7.17083333335287,441.0
110.52916666655034,-7.17083333335287,292.0
110.53749999988366,-7.17083333335287,344.0
110.54583333321699,-7.17083333335287,242.0
110.55416666655032,-7.17083333335287,385.0
110.56249999988364,-7.17083333335287,410.0
110.57083333321697,-7.17083333335287,352.0
110.5791666665503,-7.17083333335287,364.0
110.58749999988362,-7.17083333335287,380.0
110.59583333321694,-7.17083333335287,335.0
110.60416666655027,-7.17083333335287,372.0
110.6124999998836,-7.17083333335287,402.0
110.62083333321692,-7.17083333335287,324.0
110.62916666655025,-7.17083333335287,2147483647.0
110.23749999988394,-7.1791666666862,2147483647.0
110.24583333321726,-7.1791666666862,597.0
110.25416666655059,-7.1791666666862,734.0
110.26249999988391,-7.1791666666862,487.0
110.27083333321724,-7.1791666666862,706.0
110.27916666655057,-7.1791666666862,607.0
110.28749999988389,-7.1791666666862,586.0
110.29583333321722,-7.1791666666862,777.0
110.30416666655054,-7.1791666666862,882.0
110.31249999988387,-7.1791666666862,900.0
110.3208333332172,-7.1791666666862,900.0
110.32916666655052,-7.1791666666862,900.0
110.33749999988385,-7.1791666666862,900.0
110.34583333321717,-7.1791666666862,882.0
110.3541666665505,-7.1791666666862,900.0
110.36249999988382,-7.1791666666862,900.0
110.37083333321715,-7.1791666666862,900.0
110.37916666655047,-7.1791666666862,900.0
110.3874999998838,-7.1791666666862,786.0
110.39583333321713,-7.1791666666862,616.0
110.40416666655045,-7.1791666666862,501.0
110.41249999988378,-7.1791666666862,387.0
110.4208333332171,-7.1791666666862,296.0
110.42916666655043,-7.1791666666862,341.0
110.43749999988376,-7.1791666666862,412.0
110.44583333321708,-7.1791666666862,466.0
110.4541666665504,-7.1791666666862,449.0
110.46249999988373,-7.1791666666862,422.0
110.47083333321706,-7.1791666666862,417.0
110.47916666655038,-7.1791666666862,425.0
110.48749999988371,-7.1791666666862,460.0
110.49583333321704,-7.1791666666862,477.0
110.50416666655036,-7.1791666666862,460.0
110.51249999988369,-7.1791666666862,421.0
110.52083333321701,-7.1791666666862,355.0
110.52916666655034,-7.1791666666862,277.0
110.53749999988366,-7.1791666666862,259.0
110.54583333321699,-7.1791666666862,387.0
110.55416666655032,-7.1791666666862,394.0
110.56249999988364,-7.1791666666862,354.0
110.57083333321697,-7.1791666666862,315.0
110.5791666665503,-7.1791666666862,251.0
110.58749999988362,-7.1791666666862,363.0
110.59583333321694,-7.1791666666862,425.0
110.60416666655027,-7.1791666666862,406.0
110.6124999998836,-7.1791666666862,279.0
110.62083333321692,-7.1791666666862,333.0
110.62916666655025,-7.1791666666862,2147483647.0
110.23749999988394,-7.18750000001953,2147483647.0
110.24583333321726,-7.18750000001953,616.0
110.25416666655059,-7.18750000001953,658.0
110.26249999988391,-7.18750000001953,717.0
110.27083333321724,-7.18750000001953,683.0
110.27916666655057,-7.18750000001953,710.0
110.28749999988389,-7.18750000001953,574.0
110.29583333321722,-7.18750000001953,616.0
110.30416666655054,-7.18750000001953,707.0
110.31249999988387,-7.18750000001953,900.0
110.3208333332172,-7.18750000001953,900.0
110.32916666655052,-7.18750000001953,900.0
110.33749999988385,-7.18750000001953,838.0
110.34583333321717,-7.18750000001953,900.0
110.3541666665505,-7.18750000001953,900.0
110.36249999988382,-7.18750000001953,900.0
110.37083333321715,-7.18750000001953,900.0
110.37916666655047,-7.18750000001953,792.0
110.3874999998838,-7.18750000001953,696.0
110.39583333321713,-7.18750000001953,631.0
110.40416666655045,-7.18750000001953,554.0
110.41249999988378,-7.18750000001953,435.0
110.4208333332171,-7.18750000001953,365.0
110.42916666655043,-7.18750000001953,374.0
110.43749999988376,-7.18750000001953,412.0
110.44583333321708,-7.18750000001953,451.0
110.4541666665504,-7.18750000001953,444.0
110.46249999988373,-7.18750000001953,426.0
110.47083333321706,-7.18750000001953,426.0
110.47916666655038,-7.18750000001953,427.0
110.48749999988371,-7.18750000001953,443.0
110.49583333321704,-7.18750000001953,420.0
110.50416666655036,-7.18750000001953,348.0
110.51249999988369,-7.18750000001953,365.0
110.52083333321701,-7.18750000001953,390.0
110.52916666655034,-7.18750000001953,350.0
110.53749999988366,-7.18750000001953,341.0
110.54583333321699,-7.18750000001953,363.0
110.55416666655032,-7.18750000001953,309.0
110.56249999988364,-7.18750000001953,308.0
110.57083333321697,-7.18750000001953,374.0
110.5791666665503,-7.18750000001953,376.0
110.58749999988362,-7.18750000001953,384.0
110.59583333321694,-7.18750000001953,419.0
110.60416666655027,-7.18750000001953,328.0
110.6124999998836,-7.18750000001953,353.0
110.62083333321692,-7.18750000001953,371.0
110.62916666655025,-7.18750000001953,2147483647.0
110.23749999988394,-7.19583333335286,2147483647.0
110.24583333321726,-7.19583333335286,777.0
110.25416666655059,-7.19583333335286,572.0
110.26249999988391,-7.19583333335286,823.0
110.27083333321724,-7.19583333335286,578.0
110.27916666655057,-7.19583333335286,645.0
110.28749999988389,-7.19583333335286,563.0
110.29583333321722,-7.19583333335286,567.0
110.30416666655054,-7.19583333335286,627.0
110.31249999988387,-7.19583333335286,809.0
110.3208333332172,-7.19583333335286,900.0
110.32916666655052,-7.19583333335286,900.0
110.33749999988385,-7.19583333335286,900.0
110.34583333321717,-7.19583333335286,900.0
110.3541666665505,-7.19583333335286,900.0
110.36249999988382,-7.19583333335286,900.0
110.37083333321715,-7.19583333335286,835.0
110.37916666655047,-7.19583333335286,715.0
110.3874999998838,-7.19583333335286,655.0
110.39583333321713,-7.19583333335286,616.0
110.40416666655045,-7.19583333335286,566.0
110.41249999988378,-7.19583333335286,481.0
110.4208333332171,-7.19583333335286,399.0
110.42916666655043,-7.19583333335286,410.0
110.43749999988376,-7.19583333335286,486.0
110.44583333321708,-7.19583333335286,510.0
110.4541666665504,-7.19583333335286,523.0
110.46249999988373,-7.19583333335286,499.0
110.47083333321706,-7.19583333335286,458.0
110.47916666655038,-7.19583333335286,391.0
110.48749999988371,-7.19583333335286,405.0
110.49583333321704,-7.19583333335286,454.0
110.50416666655036,-7.19583333335286,437.0
110.51249999988369,-7.19583333335286,392.0
110.52083333321701,-7.19583333335286,315.0
110.52916666655034,-7.19583333335286,295.0
110.53749999988366,-7.19583333335286,357.0
110.54583333321699,-7.19583333335286,370.0
110.55416666655032,-7.19583333335286,365.0
110.56249999988364,-7.19583333335286,380.0
110.57083333321697,-7.19583333335286,337.0
110.5791666665503,-7.19583333335286,267.0
110.58749999988362,-7.19583333335286,290.0
110.59583333321694,-7.19583333335286,318.0
110.60416666655027,-7.19583333335286,312.0
110.6124999998836,-7.19583333335286,340.0
110.62083333321692,-7.19583333335286,289.0
110.62916666655025,-7.19583333335286,2147483647.0
110.23749999988394,-7.2041666666861905,2147483647.0
110.24583333321726,-7.2041666666861905,848.0
110.25416666655059,-7.2041666666861905,858.0
110.26249999988391,-7.2041666666861905,803.0
110.27083333321724,-7.2041666666861905,608.0
110.27916666655057,-7.2041666666861905,552.0
110.28749999988389,-7.2041666666861905,544.0
110.29583333321722,-7.2041666666861905,535.0
110.30416666655054,-7.2041666666861905,559.0
110.31249999988387,-7.2041666666861905,615.0
110.3208333332172,-7.2041666666861905,761.0
110.32916666655052,-7.2041666666861905,900.0
110.33749999988385,-7.2041666666861905,900.0
110.34583333321717,-7.2041666666861905,900.0
110.3541666665505,-7.2041666666861905,900.0
110.36249999988382,-7.2041666666861905,879.0
110.37083333321715,-7.2041666666861905,752.0
110.37916666655047,-7.2041666666861905,625.0
110.3874999998838,-7.2041666666861905,591.0
110.39583333321713,-7.2041666666861905,572.0
110.40416666655045,-7.2041666666861905,568.0
110.41249999988378,-7.2041666666861905,502.0
110.4208333332171,-7.2041666666861905,388.0
110.42916666655043,-7.2041666666861905,472.0
110.43749999988376,-7.2041666666861905,438.0
110.44583333321708,-7.2041666666861905,483.0
110.4541666665504,-7.2041666666861905,519.0
110.46249999988373,-7.2041666666861905,572.0
110.47083333321706,-7.2041666666861905,537.0
110.47916666655038,-7.2041666666861905,434.0
110.48749999988371,-7.2041666666861905,429.0
110.49583333321704,-7.2041666666861905,443.0
110.50416666655036,-7.2041666666861905,430.0
110.51249999988369,-7.2041666666861905,463.0
110.52083333321701,-7.2041666666861905,388.0
110.52916666655034,-7.2041666666861905,322.0
110.53749999988366,-7.2041666666861905,308.0
110.54583333321699,-7.2041666666861905,414.0
110.55416666655032,-7.2041666666861905,411.0
110.56249999988364,-7.2041666666861905,418.0
110.57083333321697,-7.2041666666861905,448.0
110.5791666665503,-7.2041666666861905,426.0
110.58749999988362,-7.2041666666861905,394.0
110.59583333321694,-7.2041666666861905,356.0
110.60416666655027,-7.2041666666861905,362.0
110.6124999998836,-7.2041666666861905,281.0
110.62083333321692,-7.2041666666861905,334.0
110.62916666655025,-7.2041666666861905,2147483647.0
110.23749999988394,-7.212500000019521,2147483647.0
110.24583333321726,-7.212500000019521,670.0
110.25416666655059,-7.212500000019521,900.0
110.26249999988391,-7.212500000019521,900.0
110.27083333321724,-7.212500000019521,768.0
110.27916666655057,-7.212500000019521,658.0
110.28749999988389,-7.212500000019521,599.0
110.29583333321722,-7.212500000019521,515.0
110.30416666655054,-7.212500000019521,473.0
110.31249999988387,-7.212500000019521,510.0
110.3208333332172,-7.212500000019521,578.0
110.32916666655052,-7.212500000019521,693.0
110.33749999988385,-7.212500000019521,796.0
110.34583333321717,-7.212500000019521,786.0
110.3541666665505,-7.212500000019521,791.0
110.36249999988382,-7.212500000019521,751.0
110.37083333321715,-7.212500000019521,649.0
110.37916666655047,-7.212500000019521,585.0
110.3874999998838,-7.212500000019521,557.0
110.39583333321713,-7.212500000019521,504.0
110.40416666655045,-7.212500000019521,527.0
110.41249999988378,-7.212500000019521,539.0
110.4208333332171,-7.212500000019521,394.0
110.42916666655043,-7.212500000019521,313.0
110.43749999988376,-7.212500000019521,417.0
110.44583333321708,-7.212500000019521,485.0
110.4541666665504,-7.212500000019521,567.0
110.46249999988373,-7.212500000019521,535.0
110.47083333321706,-7.212500000019521,509.0
110.47916666655038,-7.212500000019521,518.0
110.48749999988371,-7.212500000019521,458.0
110.49583333321704,-7.212500000019521,379.0
110.50416666655036,-7.212500000019521,513.0
110.51249999988369,-7.212500000019521,552.0
110.52083333321701,-7.212500000019521,521.0
110.52916666655034,-7.212500000019521,407.0
110.53749999988366,-7.212500000019521,471.0
110.54583333321699,-7.212500000019521,442.0
110.55416666655032,-7.212500000019521,406.0
110.56249999988364,-7.212500000019521,397.0
110.57083333321697,-7.212500000019521,352.0
110.5791666665503,-7.212500000019521,391.0
110.58749999988362,-7.212500000019521,396.0
110.59583333321694,-7.212500000019521,377.0
110.60416666655027,-7.212500000019521,367.0
110.6124999998836,-7.212500000019521,353.0
110.62083333321692,-7.212500000019521,349.0
110.62916666655025,-7.212500000019521,2147483647.0
110.23749999988394,-7.220833333352851,2147483647.0
110.24583333321726,-7.220833333352851,592.0
110.25416666655059,-7.220833333352851,615.0
110.26249999988391,-7.220833333352851,700.0
110.27083333321724,-7.220833333352851,647.0
110.27916666655057,-7.220833333352851,656.0
110.28749999988389,-7.220833333352851,625.0
110.29583333321722,-7.220833333352851,567.0
110.30416666655054,-7.220833333352851,471.0
110.31249999988387,-7.220833333352851,351.0
110.3208333332172,-7.220833333352851,469.0
110.32916666655052,-7.220833333352851,526.0
110.33749999988385,-7.220833333352851,612.0
110.34583333321717,-7.220833333352851,668.0
110.3541666665505,-7.220833333352851,680.0
110.36249999988382,-7.220833333352851,637.0
110.37083333321715,-7.220833333352851,588.0
110.37916666655047,-7.220833333352851,575.0
110.3874999998838,-7.220833333352851,546.0
110.39583333321713,-7.220833333352851,393.0
110.40416666655045,-7.220833333352851,353.0
110.41249999988378,-7.220833333352851,535.0
110.4208333332171,-7.220833333352851,473.0
110.42916666655043,-7.220833333352851,389.0
110.43749999988376,-7.220833333352851,472.0
110.44583333321708,-7.220833333352851,501.0
110.4541666665504,-7.220833333352851,468.0
110.46249999988373,-7.220833333352851,427.0
110.47083333321706,-7.220833333352851,493.0
110.47916666655038,-7.220833333352851,543.0
110.48749999988371,-7.220833333352851,513.0
110.49583333321704,-7.220833333352851,416.0
110.50416666655036,-7.220833333352851,491.0
110.51249999988369,-7.220833333352851,484.0
110.52083333321701,-7.220833333352851,529.0
110.52916666655034,-7.220833333352851,509.0
110.53749999988366,-7.220833333352851,512.0
110.54583333321699,-7.220833333352851,426.0
110.55416666655032,-7.220833333352851,417.0
110.56249999988364,-7.220833333352851,389.0
110.57083333321697,-7.220833333352851,400.0
110.5791666665503,-7.220833333352851,331.0
110.58749999988362,-7.220833333352851,333.0
110.59583333321694,-7.220833333352851,381.0
110.60416666655027,-7.220833333352851,382.0
110.6124999998836,-7.220833333352851,379.0
110.62083333321692,-7.220833333352851,382.0
110.62916666655025,-7.220833333352851,2147483647.0
110.23749999988394,-7.229166666686181,2147483647.0
110.24583333321726,-7.229166666686181,710.0
110.25416666655059,-7.229166666686181,774.0
110.26249999988391,-7.229166666686181,603.0
110.27083333321724,-7.229166666686181,463.0
110.27916666655057,-7.229166666686181,528.0
110.28749999988389,-7.229166666686181,494.0
110.29583333321722,-7.229166666686181,551.0
110.30416666655054,-7.229166666686181,554.0
110.31249999988387,-7.229166666686181,447.0
110.3208333332172,-7.229166666686181,237.0
110.32916666655052,-7.229166666686181,391.0
110.33749999988385,-7.229166666686181,490.0
110.34583333321717,-7.229166666686181,540.0
110.3541666665505,-7.229166666686181,555.0
110.36249999988382,-7.229166666686181,553.0
110.37083333321715,-7.229166666686181,537.0
110.37916666655047,-7.229166666686181,531.0
110.3874999998838,-7.229166666686181,503.0
110.39583333321713,-7.229166666686181,416.0
110.40416666655045,-7.229166666686181,478.0
110.41249999988378,-7.229166666686181,473.0
110.4208333332171,-7.229166666686181,367.0
110.42916666655043,-7.229166666686181,352.0
110.43749999988376,-7.229166666686181,493.0
110.44583333321708,-7.229166666686181,555.0
110.4541666665504,-7.229166666686181,511.0
110.46249999988373,-7.229166666686181,436.0
110.47083333321706,-7.229166666686181,429.0
110.47916666655038,-7.229166666686181,557.0
110.48749999988371,-7.229166666686181,485.0
110.49583333321704,-7.229166666686181,523.0
110.50416666655036,-7.229166666686181,498.0
110.51249999988369,-7.229166666686181,509.0
110.52083333321701,-7.229166666686181,504.0
110.52916666655034,-7.229166666686181,515.0
110.53749999988366,-7.229166666686181,415.0
110.54583333321699,-7.229166666686181,488.0
110.55416666655032,-7.229166666686181,461.0
110.56249999988364,-7.229166666686181,389.0
110.57083333321697,-7.229166666686181,294.0
110.5791666665503,-7.229166666686181,235.0
110.58749999988362,-7.229166666686181,237.0
110.59583333321694,-7.229166666686181,272.0
110.60416666655027,-7.229166666686181,369.0
110.6124999998836,-7.229166666686181,417.0
110.62083333321692,-7.229166666686181,377.0
110.62916666655025,-7.229166666686181,2147483647.0
110.23749999988394,-7.237500000019511,2147483647.0
110.24583333321726,-7.237500000019511,675.0
110.25416666655059,-7.237500000019511,800.0
110.26249999988391,-7.237500000019511,793.0
110.27083333321724,-7.237500000019511,659.0
110.27916666655057,-7.237500000019511,468.0
110.28749999988389,-7.237500000019511,393.0
110.29583333321722,-7.237500000019511,417.0
110.30416666655054,-7.237500000019511,508.0
110.31249999988387,-7.237500000019511,502.0
110.3208333332172,-7.237500000019511,408.0
110.32916666655052,-7.237500000019511,441.0
110.33749999988385,-7.237500000019511,474.0
110.34583333321717,-7.237500000019511,451.0
110.3541666665505,-7.237500000019511,467.0
110.36249999988382,-7.237500000019511,504.0
110.37083333321715,-7.237500000019511,500.0
110.37916666655047,-7.237500000019511,494.0
110.3874999998838,-7.237500000019511,516.0
110.39583333321713,-7.237500000019511,502.0
110.40416666655045,-7.237500000019511,494.0
110.41249999988378,-7.237500000019511,464.0
110.4208333332171,-7.237500000019511,386.0
110.42916666655043,-7.237500000019511,374.0
110.43749999988376,-7.237500000019511,332.0
110.44583333321708,-7.237500000019511,499.0
110.4541666665504,-7.237500000019511,532.0
110.46249999988373,-7.237500000019511,490.0
110.47083333321706,-7.237500000019511,482.0
110.47916666655038,-7.237500000019511,470.0
110.48749999988371,-7.237500000019511,557.0
110.49583333321704,-7.237500000019511,580.0
110.50416666655036,-7.237500000019511,471.0
110.51249999988369,-7.237500000019511,521.0
110.52083333321701,-7.237500000019511,520.0
110.52916666655034,-7.237500000019511,423.0
110.53749999988366,-7.237500000019511,475.0
110.54583333321699,-7.237500000019511,454.0
110.55416666655032,-7.237500000019511,456.0
110.56249999988364,-7.237500000019511,498.0
110.57083333321697,-7.237500000019511,427.0
110.5791666665503,-7.237500000019511,307.0
110.58749999988362,-7.237500000019511,353.0
110.59583333321694,-7.237500000019511,367.0
110.60416666655027,-7.237500000019511,368.0
110.6124999998836,-7.237500000019511,307.0
110.62083333321692,-7.237500000019511,388.0
110.62916666655025,-7.237500000019511,2147483647.0
110.23749999988394,-7.2458333333528415,2147483647.0
110.24583333321726,-7.2458333333528415,552.0
110.25416666655059,-7.2458333333528415,650.0
110.26249999988391,-7.2458333333528415,690.0
110.27083333321724,-7.2458333333528415,645.0
110.27916666655057,-7.2458333333528415,562.0
110.28749999988389,-7.2458333333528415,471.0
110.29583333321722,-7.2458333333528415,429.0
110.30416666655054,-7.2458333333528415,460.0
110.31249999988387,-7.2458333333528415,447.0
110.3208333332172,-7.2458333333528415,379.0
110.32916666655052,-7.2458333333528415,397.0
110.33749999988385,-7.2458333333528415,471.0
110.34583333321717,-7.2458333333528415,464.0
110.3541666665505,-7.2458333333528415,438.0
110.36249999988382,-7.2458333333528415,493.0
110.37083333321715,-7.2458333333528415,526.0
110.37916666655047,-7.2458333333528415,592.0
110.3874999998838,-7.2458333333528415,620.0
110.39583333321713,-7.2458333333528415,537.0
110.40416666655045,-7.2458333333528415,467.0
110.41249999988378,-7.2458333333528415,443.0
110.4208333332171,-7.2458333333528415,429.0
110.42916666655043,-7.2458333333528415,445.0
110.43749999988376,-7.2458333333528415,459.0
110.44583333321708,-7.2458333333528415,412.0
110.4541666665504,-7.2458333333528415,435.0
110.46249999988373,-7.2458333333528415,487.0
110.47083333321706,-7.2458333333528415,514.0
110.47916666655038,-7.2458333333528415,550.0
110.48749999988371,-7.2458333333528415,559.0
110.49583333321704,-7.2458333333528415,449.0
110.50416666655036,-7.2458333333528415,408.0
110.51249999988369,-7.2458333333528415,463.0
110.52083333321701,-7.2458333333528415,484.0
110.52916666655034,-7.2458333333528415,463.0
110.53749999988366,-7.2458333333528415,438.0
110.54583333321699,-7.2458333333528415,415.0
110.55416666655032,-7.2458333333528415,439.0
110.56249999988364,-7.2458333333528415,526.0
110.57083333321697,-7.2458333333528415,556.0
110.5791666665503,-7.2458333333528415,453.0
110.58749999988362,-7.2458333333528415,318.0
110.59583333321694,-7.2458333333528415,377.0
110.60416666655027,-7.2458333333528415,339.0
110.6124999998836,-7.2458333333528415,444.0
110.62083333321692,-7.2458333333528415,509.0
110.62916666655025,-7.2458333333528415,2147483647.0
110.23749999988394,-7.254166666686172,2147483647.0
110.24583333321726,-7.254166666686172,458.0
110.25416666655059,-7.254166666686172,565.0
110.26249999988391,-7.254166666686172,589.0
110.27083333321724,-7.254166666686172,574.0
110.27916666655057,-7.254166666686172,548.0
110.28749999988389,-7.254166666686172,508.0
110.29583333321722,-7.254166666686172,511.0
110.30416666655054,-7.254166666686172,462.0
110.31249999988387,-7.254166666686172,469.0
110.3208333332172,-7.254166666686172,514.0
110.32916666655052,-7.254166666686172,517.0
110.33749999988385,-7.254166666686172,526.0
110.34583333321717,-7.254166666686172,514.0
110.3541666665505,-7.254166666686172,570.0
110.36249999988382,-7.254166666686172,634.0
110.37083333321715,-7.254166666686172,747.0
110.37916666655047,-7.254166666686172,814.0
110.3874999998838,-7.254166666686172,645.0
110.39583333321713,-7.254166666686172,504.0
110.40416666655045,-7.254166666686172,453.0
110.41249999988378,-7.254166666686172,423.0
110.4208333332171,-7.254166666686172,425.0
110.42916666655043,-7.254166666686172,456.0
110.43749999988376,-7.254166666686172,464.0
110.44583333321708,-7.254166666686172,409.0
110.4541666665504,-7.254166666686172,236.0
110.46249999988373,-7.254166666686172,414.0
110.47083333321706,-7.254166666686172,429.0
110.47916666655038,-7.254166666686172,441.0
110.48749999988371,-7.254166666686172,425.0
110.49583333321704,-7.254166666686172,488.0
110.50416666655036,-7.254166666686172,459.0
110.51249999988369,-7.254166666686172,387.0
110.52083333321701,-7.254166666686172,445.0
110.52916666655034,-7.254166666686172,514.0
110.53749999988366,-7.254166666686172,537.0
110.54583333321699,-7.254166666686172,469.0
110.55416666655032,-7.254166666686172,387.0
110.56249999988364,-7.254166666686172,397.0
110.57083333321697,-7.254166666686172,555.0
110.5791666665503,-7.254166666686172,503.0
110.58749999988362,-7.254166666686172,414.0
110.59583333321694,-7.254166666686172,472.0
110.60416666655027,-7.254166666686172,475.0
110.6124999998836,-7.254166666686172,560.0
110.62083333321692,-7.254166666686172,566.0
110.62916666655025,-7.254166666686172,2147483647.0
110.23749999988394,-7.262500000019502,2147483647.0
110.24583333321726,-7.262500000019502,436.0
110.25416666655059,-7.262500000019502,503.0
110.26249999988391,-7.262500000019502,618.0
110.27083333321724,-7.262500000019502,605.0
110.27916666655057,-7.262500000019502,531.0
110.28749999988389,-7.262500000019502,466.0
110.29583333321722,-7.262500000019502,429.0
110.30416666655054,-7.262500000019502,430.0
110.31249999988387,-7.262500000019502,522.0
110.3208333332172,-7.262500000019502,554.0
110.32916666655052,-7.262500000019502,573.0
110.33749999988385,-7.262500000019502,595.0
110.34583333321717,-7.262500000019502,619.0
110.3541666665505,-7.262500000019502,753.0
110.36249999988382,-7.262500000019502,848.0
110.37083333321715,-7.262500000019502,841.0
110.37916666655047,-7.262500000019502,662.0
110.3874999998838,-7.262500000019502,476.0
110.39583333321713,-7.262500000019502,399.0
110.40416666655045,-7.262500000019502,365.0
110.41249999988378,-7.262500000019502,340.0
110.4208333332171,-7.262500000019502,350.0
110.42916666655043,-7.262500000019502,371.0
110.43749999988376,-7.262500000019502,383.0
110.44583333321708,-7.262500000019502,424.0
110.4541666665504,-7.262500000019502,402.0
110.46249999988373,-7.262500000019502,410.0
110.47083333321706,-7.262500000019502,487.0
110.47916666655038,-7.262500000019502,393.0
110.48749999988371,-7.262500000019502,472.0
110.49583333321704,-7.262500000019502,470.0
110.50416666655036,-7.262500000019502,333.0
110.51249999988369,-7.262500000019502,399.0
110.52083333321701,-7.262500000019502,479.0
110.52916666655034,-7.262500000019502,533.0
110.53749999988366,-7.262500000019502,564.0
110.54583333321699,-7.262500000019502,542.0
110.55416666655032,-7.262500000019502,470.0
110.56249999988364,-7.262500000019502,411.0
110.57083333321697,-7.262500000019502,491.0
110.5791666665503,-7.262500000019502,470.0
110.58749999988362,-7.262500000019502,454.0
110.59583333321694,-7.262500000019502,454.0
110.60416666655027,-7.262500000019502,494.0
110.6124999998836,-7.262500000019502,548.0
110.62083333321692,-7.262500000019502,515.0
110.62916666655025,-7.262500000019502,2147483647.0
110.23749999988394,-7.270833333352832,2147483647.0
110.24583333321726,-7.270833333352832,473.0
110.25416666655059,-7.270833333352832,469.0
110.26249999988391,-7.270833333352832,576.0
110.27083333321724,-7.270833333352832,647.0
110.27916666655057,-7.270833333352832,598.0
110.28749999988389,-7.270833333352832,516.0
110.29583333321722,-7.270833333352832,409.0
110.30416666655054,-7.270833333352832,451.0
110.31249999988387,-7.270833333352832,523.0
110.3208333332172,-7.270833333352832,558.0
110.32916666655052,-7.270833333352832,578.0
110.33749999988385,-7.270833333352832,578.0
110.34583333321717,-7.270833333352832,601.0
110.3541666665505,-7.270833333352832,705.0
110.36249999988382,-7.270833333352832,712.0
110.37083333321715,-7.270833333352832,574.0
110.37916666655047,-7.270833333352832,383.0
110.3874999998838,-7.270833333352832,230.0
110.39583333321713,-7.270833333352832,244.0
110.40416666655045,-7.270833333352832,242.0
110.41249999988378,-7.270833333352832,239.0
110.4208333332171,-7.270833333352832,224.0
110.42916666655043,-7.270833333352832,218.0
110.43749999988376,-7.270833333352832,234.0
110.44583333321708,-7.270833333352832,387.0
110.4541666665504,-7.270833333352832,494.0
110.46249999988373,-7.270833333352832,460.0
110.47083333321706,-7.270833333352832,561.0
110.47916666655038,-7.270833333352832,619.0
110.48749999988371,-7.270833333352832,528.0
110.49583333321704,-7.270833333352832,427.0
110.50416666655036,-7.270833333352832,419.0
110.51249999988369,-7.270833333352832,429.0
110.52083333321701,-7.270833333352832,439.0
110.52916666655034,-7.270833333352832,409.0
110.53749999988366,-7.270833333352832,493.0
110.54583333321699,-7.270833333352832,510.0
110.55416666655032,-7.270833333352832,544.0
110.56249999988364,-7.270833333352832,548.0
110.57083333321697,-7.270833333352832,483.0
110.5791666665503,-7.270833333352832,426.0
110.58749999988362,-7.270833333352832,467.0
110.59583333321694,-7.270833333352832,459.0
110.60416666655027,-7.270833333352832,459.0
110.6124999998836,-7.270833333352832,480.0
110.62083333321692,-7.270833333352832,370.0
110.62916666655025,-7.270833333352832,2147483647.0
